,time,name,country,place,marathon,day,month,year,gender,seconds
0,2:19:57,Rita Jeptoo,KEN,1,Chicago,13,OCT,2013,F,8397
1,2:20:15,Priscah Jeptoo,KEN,1,London,21,APR,2013,F,8415
2,2:20:48,Jemima Jelegat,KEN,2,Chicago,13,OCT,2013,F,8448
3,2:21:05,Feyse Tadesse,ETH,1,Paris,7,APR,2013,F,8465
4,2:21:13,Florence Kiplagat,KEN,1,Berlin,29,SEP,2013,F,8473
5,2:21:32,Edna Kiplagat,KEN,2,London,21,APR,2013,F,8492
6,2:22:34,Caroline Kilel,KEN,1,Frankfurt,27,OCT,2013,F,8554
7,2:22:46,Maria Konovalova,RUS,3,Chicago,13,OCT,2013,F,8566
8,2:23:00,Flomena Chepchirchir,KEN,2,Frankfurt,27,OCT,2013,F,8580
9,2:23:01,Birhane Dibaba,ETH,3,Frankfurt,27,OCT,2013,F,8581
10,2:23:02,Valentine Kipketer,KEN,1,Amsterdam,20,OCT,2013,F,8582
11,2:23:14,Merima Mohamed,ETH,2,Paris,7,APR,2013,F,8594
12,2:23:23,Tirfi Tsegaye,ETH,1,Dubai,25,JAN,2013,F,8603
13,2:23:23,Mamitu Daska,ETH,4,Frankfurt,27,OCT,2013,F,8603
14,2:23:27,Jelegat,KEN,1,Rotterdam,14,APR,2013,F,8607
15,2:23:28,Margaret Agai,KEN,1,Daegu,14,APR,2013,F,8608
16,2:23:28,Sharon Cherop,KEN,2,Berlin,29,SEP,2013,F,8608
17,2:23:28,Aberu Kebede,ETH,1,Shanghai,1,DEC,2013,F,8608
18,2:23:34,Ryoko Kizaki,JPN,1,Nagoya,10,MAR,2013,F,8614
19,2:23:34,Eunice Kirwa Jepkirui,KEN,3,Paris,7,APR,2013,F,8614
20,2:23:37,Mohammed,ETH,1,Houston,13,JAN,2013,F,8617
21,2:23:39,Ehitu Kiros,ETH,2,Dubai,25,JAN,2013,F,8619
22,2:23:43,Mulu Seboka,ETH,2,Daegu,14,APR,2013,F,8623
23,2:23:44,Aliaksandra Duliba,BLR,4,Chicago,13,OCT,2013,F,8624
24,2:23:45,Eunice Jepkirui Kirwa,KEN,5,Frankfurt,27,OCT,2013,F,8625
25,2:23:50,Amane Gobena,ETH,3,Dubai,25,JAN,2013,F,8630
26,2:23:51,Birhane Dibaba,ETH,2,Nagoya,10,MAR,2013,F,8631
27,2:23:57,Tatiana Gamera-Shmyrko,UKR,1,Osaka,27,JAN,2013,F,8637
28,2:23:59,Abebech Afework,ETH,2,Rotterdam,14,APR,2013,F,8639
29,2:24:03,Agnes Barsosio,KEN,3,Daegu,14,APR,2013,F,8643
30,2:24:05,Mizuko Noguchi,JPN,3,Nagoya,10,MAR,2013,F,8645
31,2:24:06,Yeshi Esayias,ETH,6,Frankfurt,27,OCT,2013,F,8646
32,2:24:21,Kayoko Fukushi,JPN,2,Osaka,27,JAN,2013,F,8661
33,2:24:26,Bizunesh Deba,ETH,2,Houston,13,JAN,2013,F,8666
34,2:24:30,Aheza Kiros,ETH,4,Dubai,25,JAN,2013,F,8670
35,2:24:33,V Kipketer,KEN,1,Mumbai,20,JAN,2013,F,8673
36,2:24:34,Flomena Cheych,KEN,1,Vienna,14,APR,2013,F,8674
37,2:24:40,Helena Kirop,KEN,1,Rome,17,MAR,2013,F,8680
38,2:24:43,Yukiko Akaba,JPN,3,London,21,APR,2013,F,8683
39,2:24:54,Irina Mikitenko,GER,3,Berlin,29,SEP,2013,F,8694
40,2:25:01,Belaynesh Oljira,ETH,5,Dubai,25,JAN,2013,F,8701
41,2:25:07,P Jeptoo,KEN,1,New York,3,NOV,2013,F,8707
42,2:25:09,Dinknesh Tefera,ETH,4,Paris,7,APR,2013,F,8709
43,2:25:13,Flomina Cheyech,KEN,1,Toronto,20,OCT,2013,F,8713
44,2:25:15,Getnet Selomie Kassa,ETH,2,Rome,17,MAR,2013,F,8715
45,2:25:17,Meskerem Assefa,ETH,2,Houston,13,JAN,2013,F,8717
46,2:25:22,Agnes Kiprop,ETH,5,Paris,7,APR,2013,F,8722
47,2:25:31,Yeshi Esayias,ETH,1,Ottawa,26,MAY,2013,F,8731
48,2:25:34,Aberu Kebede,ETH,1,Tokyo,24,FEB,2013,F,8734
49,2:25:43,Philomena Chepchirchir,KEN,1,Seoul,17,MAR,2013,F,8743
50,2:25:44,Lisa Stublic,CRO,1,Zurich,7,MAR,2013,F,8744
51,2:25:45,Misiker Mekonin,ETH,2,Ottawa,26,MAY,2013,F,8745
52,2:25:45,Kiplagat,KRN,1,Moscow,10,AUG,2013,F,8745
53,2:25:46,Jelena Prokopcuka,LAT,4,Nagoya,10,MAR,2013,F,8746
54,2:25:46,Meselech Melkamu,ETH,5,London,21,APR,2013,F,8746
55,2:25:47,Shitaye Bedasa,ETH,6,Dubai,25,JAN,2013,F,8747
56,2:25:53,Emebet Etea,ETH,2,Seoul,17,MAR,2013,F,8753
57,2:25:55,Albina Mayorova,RUS,1,Yokohama,17,NOV,2013,F,8755
58,2:25:56,Yuko Watanabe,JPN,3,Osaka,27,JAN,2013,F,8756
59,2:25:56,Bizunesh Deba,ETH,2,New York,3,NOV,2013,F,8756
60,2:25:58,Valeria Straneo,ITA,2,Moscow,10,AUG,2013,F,8758
61,2:25:58,Risper Kimaiyo,KEN,1,Edinburgh,26,MAY,2013,F,8758
62,2:26:01,Esayias,ETH,2,Tokyo,24,FEB,2013,F,8761
63,2:26:05,Isabella Anderson,SWE,7,Dubai,25,JAN,2013,F,8765
64,2:26:05,Lisa Weightman,AUS,1,Melbourne,13,OCT,2013,F,8765
65,2:26:07,Aberu Mekuria Zennebe,ETH,1,Hengshui,21,SEP,2013,F,8767
66,2:26:15,Meseret Legese Regesa,ETH,2,Hengshui,21,SEP,2013,F,8775
67,2:26:17,Eri Hayakawa,JPN,5,Nagoya,10,MAR,2013,F,8777
68,2:26:18,Yeshimebet Tadese Bifa,ETH,3,Seoul,17,MAR,2013,F,8778
69,2:26:20,Mestawet Tufa,ETH,6,Nagoya,10,MAR,2013,F,8780
70,2:26:24,Gisaw Melkam,ETH,1,Dusseldorf,28,APR,2013,F,8784
71,2:26:30,Mohammed,ETH,2,Shanghai,1,DEC,2013,F,8790
72,2:26:32,Mi-Gyong Kim,PRK,1,Pyongyang,14,APR,2013,F,8792
73,2:26:34,Ashu Kasim,ETH,3,Shanghai,1,DEC,2013,F,8794
74,2:26:41,Mari Ozaki,JPN,4,Osaka,27,JAN,2013,F,8801
75,2:26:41,Irina Mikitenko,GER,3,Tokyo,24,FEB,2013,F,8801
76,2:26:42,Hilda Kibet,NED,3,Rotterdam,14,APR,2013,F,8802
77,2:26:42,Atsede Baysa,ETH,5,Chicago,13,OCT,2013,F,8802
78,2:26:43,Sechale Adugna,ETH,2,Toronto,20,OCT,2013,F,8803
79,2:26:44,Karolina Jarzynski,POL,1,Lodz,14,APR,2013,F,8804
80,2:26:51,Albina Mayorova,RUS,4,Tokyo,24,FEB,2013,F,8811
81,2:26:57,Tirfi Tsegaye Beyene,ETH,7,Frankfurt,27,OCT,2013,F,8817
82,2:27:00,Caroline Rotich,KEN,1,Prague,12,MAY,2013,F,8820
83,2:27:01,Azalech Masresha,ETH,1,Valencia,17,NOV,2013,F,8821
84,2:27:03,Alessandra Aguilar,ESP,4,Rotterdam,14,APR,2013,F,8823
85,2:27:05,Florence Kiplagat,KEN,6,London,21,APR,2013,F,8825
86,2:27:07,Elena Burkovska,UKR,1,Hannover,5,MAY,2013,F,8827
87,2:27:08,Abebech Afework,ETH,8,Dubai,25,JAN,2013,F,8828
88,2:27:10,Sultan Haydar,TUR,3,Rome,17,MAR,2013,F,8830
89,2:27:17,Yoko Miyauchi,JPN,7,Nagoya,10,MAR,2013,F,8837
90,2:27:17,Yukiko Akaba,JPN,1,Gold Coast,7,JUL,2013,F,8837
91,2:27:19,Eunice Kales,KEN,2,Melbourne,13,OCT,2013,F,8839
92,2:27:21,Sung-eun Kim,KOR,4,Seoul,17,MAR,2013,F,8841
93,2:27:27,Caroline Chepkwony,KEN,1,Ljubljana,27,OCT,2013,F,8847
94,2:27:31,Sechale Delasa,ETH,3,Ottawa,26,MAY,2013,F,8851
95,2:27:35,Fatuma Sado,ETH,1,Xiamen,5,JAN,2013,F,8855
96,2:27:42,Ehitu Kiros,ETH,6,Chicago,13,OCT,2013,F,8862
97,2:27:44,Netsanet Achamo,ETH,4,Ottawa,26,MAY,2013,F,8864
98,2:27:45,Kayoko Fukushi,JPN,3,Moscow,10,AUG,2013,F,8865
99,2:27:47,Ashere Bekere Dido,ETH,1,Kosice,6,OCT,2013,F,8867
0,2:19:25,Gladys CHERONO,KEN,1,Berlin,27,SEP,2015,F,8365
1,2:19:52,Mare DIBABA,ETH,1,Xiamen,3,JAN,2015,F,8392
2,2:20:02,Aselefech MERGIA,ETH,1,Dubai,23,JAN,2015,F,8402
3,2:20:03,Gladys CHERONO,KEN,2,Dubai,23,JAN,2015,F,8403
4,2:20:21,Lucy Wangui KABUU,KEN,3,Dubai,23,JAN,2015,F,8421
5,2:20:48,Aberu KEBEDE,ETH,2,Berlin,27,SEP,2015,F,8448
6,2:20:59,Shure DEMISE,ETH,4,Dubai,23,JAN,2015,F,8459
7,2:21:17,Aberu KEBEDE,ETH,5,Dubai,23,JAN,2015,F,8477
8,2:21:56,Mulu SEBOKA,ETH,6,Dubai,23,JAN,2015,F,8516
9,2:22:08,Eunice Jepkirui KIRWA,BRN,1,Nagoya,8,MAR,2015,F,8528
10,2:22:09,Tetiana SHMYRKO,UKR,1,Osaka,25,JAN,2015,F,8529
11,2:22:48,Sairi MAEDA,JPN,2,Nagoya,8,MAR,2015,F,8568
12,2:22:51,Tadelech BEKELE,ETH,7,Dubai,23,JAN,2015,F,8571
13,2:23:06,Aliaksandra DULIBA,BLR,8,Dubai,23,JAN,2015,F,8586
14,2:23:12,Gulume Tollesa CHALA,ETH,1,Frankfurt,25,OCT,2015,F,8592
15,2:23:12,Dinknesh MEKASH,ETH,2,Frankfurt,25,OCT,2015,F,8592
16,2:23:15,Birhane DIBABA,ETH,1,Tokyo,22,FEB,2015,F,8595
17,2:23:22,Tigist TUFA,ETH,1,London,26,APR,2015,F,8602
18,2:23:23,Yebrqual MELESE,ETH,1,Houston,18,JAN,2015,F,8603
19,2:23:26,Meseret MENGISTU,ETH,1,Paris,12,APR,2015,F,8606
20,2:23:30,Amane GOBENA,ETH,2,Paris,12,APR,2015,F,8610
21,2:23:32,Guteni SHONE,ETH,2,Houston,18,JAN,2015,F,8612
22,2:23:33,Abebech AFEWORK,ETH,9,Dubai,23,JAN,2015,F,8613
23,2:23:33,Florence KIPLAGAT,KEN,1,Chicago,11,OCT,2015,F,8613
24,2:23:37,Shure DEMISE,ETH,1,Toronto,18,OCT,2015,F,8617
25,2:23:40,Mary KEITANY,KEN,2,London,26,APR,2015,F,8620
26,2:23:41,Tirfi TSEGAYE,ETH,3,London,26,APR,2015,F,8621
27,2:23:43,Ashete BEKELE,ETH,10,Dubai,23,JAN,2015,F,8623
28,2:23:43,Yebrgual MELESE,ETH,2,Chicago,11,OCT,2015,F,8623
29,2:23:49,Yebrgual MELESE,ETH,1,Prague,3,MAY,2015,F,8629
30,2:23:51,Biruktayit ESHETU,ETH,3,Houston,18,JAN,2015,F,8631
31,2:23:52,Koren YAL,ETH,3,Frankfurt,25,OCT,2015,F,8632
32,2:23:53,Aselefech MERGIA,ETH,4,London,26,APR,2015,F,8633
33,2:24:03,Helah KIPROP,KEN,2,Tokyo,22,FEB,2015,F,8643
34,2:24:07,Jelena PROKOPCUKA,LAT,2,Osaka,25,JAN,2015,F,8647
35,2:24:11,Joyce CHEPKIRUI,KEN,1,Amsterdam,18,OCT,2015,F,8651
36,2:24:15,Florence KIPLAGAT,KEN,5,London,26,APR,2015,F,8655
37,2:24:16,Sharon CHEROP,KEN,2,Toronto,18,OCT,2015,F,8656
38,2:24:16,Fatuma SADO,ETH,2,Toronto,18,OCT,2015,F,8656
39,2:24:23,Jemima SUMGONG,KEN,6,London,26,APR,2015,F,8663
40,2:24:24,Birhane DIBABA,ETH,3,Chicago,11,OCT,2015,F,8664
41,2:24:25,Kayoko FUKUSHI,JPN,4,Chicago,11,OCT,2015,F,8665
42,2:24:25,Mary KEITANY,KEN,1,New York,1,NOV,2015,F,8665
43,2:24:26,Tiki GELANA,ETH,3,Tokyo,22,FEB,2015,F,8666
44,2:24:29,Betelhem MOGES,ETH,11,Dubai,23,JAN,2015,F,8669
45,2:24:33,Meserest HAILU,ETH,3,Berlin,27,SEP,2015,F,8673
46,2:24:38,Flomena CHEYCH,KEN,2,Amsterdam,18,OCT,2015,F,8678
47,2:24:38,Sardana TROFIMOVA,RUS,4,Frankfurt,25,OCT,2015,F,8678
48,2:24:40,Mulu SEBOKA,ETH,5,Chicago,11,OCT,2015,F,8680
49,2:24:42,Visiline JEPKESHO,KEN,3,Paris,12,APR,2015,F,8682
50,2:24:42,Mai ITO,JPN,3,Nagoya,8,MAR,2015,F,8682
51,2:24:44,Sultan HAYDAR,TUR,12,Dubai,23,JAN,2015,F,8684
52,2:24:49,Sara MOREIRA,POR,2,Prague,3,MAY,2015,F,8689
53,2:25:01,Priscah JEPTOO,KEN,7,London,26,APR,2015,F,8701
54,2:25:01,Tadelech BEKELE,ETH,4,Berlin,27,SEP,2015,F,8701
55,2:25:09,Purity RIONORIPO,KEN,1,Lisbon,18,OCT,2015,F,8709
56,2:25:11,Meskerem ASSEFA,ETH,6,Chicago,11,OCT,2015,F,8711
57,2:25:15,Ana Dulce FELIX,POR,8,London,26,APR,2015,F,8715
58,2:25:22,Rebecca KANGOGO,KEN,13,Dubai,23,JAN,2015,F,8722
59,2:25:24,Letebrhan HAYLAY,ETH,3,Prague,3,MAY,2015,F,8724
60,2:25:30,Aberu MEKURIA,ETH,1,Ottawa,24,MAY,2015,F,8730
61,2:25:32,Aselefech Mergia,ETH,2,New York,1,NOV,2015,F,8732
62,2:25:36,Volha MAZURONAK,BLR,9,London,26,APR,2015,F,8736
63,2:25:41,Meseret HAILU,ETH,1,Hamburg,26,APR,2015,F,8741
64,2:25:41,Rebecca Kangogo CHESIR,KEN,2,Ottawa,24,MAY,2015,F,8741
65,2:25:42,Melkam GIZAW,ETH,1,Ljubljana,25,OCT,2015,F,8742
66,2:25:50,Tigist Tufa,ETH,3,New York,1,NOV,2015,F,8750
67,2:25:46,Agnes Jepkemboi KIPROP,KEN,1,Hengshui,26,SEP,2015,F,8746
68,2:25:53,Abebech AFEWORK,ETH,3,Ottawa,24,MAY,2015,F,8753
69,2:25:53,Sara Moreira,POR,4,New York,1,NOV,2015,F,8753
70,2:25:58,MEKURIA,ETH,14,Dubai,23,JAN,2015,F,8758
71,2:25:58,Meskere ASSEFA,ETH,4,Paris,12,APR,2015,F,8758
72,2:25:59,Marta LEMA,ETH,2,Hengshui,26,SEP,2015,F,8759
73,2:26:14,Fantu ETICHA,ETH,15,Dubai,23,JAN,2015,F,8774
74,2:26:12,Agnes Jepkemboi KIPROP,KEN,4,Ottawa,24,MAY,2015,F,8772
75,2:26:16,Sylvia KIBET,KEN,2,Hamburg,26,APR,2015,F,8776
76,2:26:20,LEMA,ETH,5,Paris,12,APR,2015,F,8780
77,2:26:22,SHONE,ETH,1,Seoul,15,MAR,2015,F,8782
78,2:26:23,Rael KIYARA,KEN,1,Shanghai,8,NOV,2015,F,8783
79,2:26:25,Fatuma SADO,ETH,1,Warsaw,26,APR,2015,F,8785
80,2:26:30,Asami KATO,JPN,1,Rotterdam,12,APR,2015,F,8790
81,2:26:31,Janet RONO,KEN,4,Prague,3,MAY,2015,F,8791
82,2:26:33,Rkia EL MKOUM,MAR,10,London,26,APR,2015,F,8793
83,2:26:39,Risa SHIGETOMO,JPN,3,Osaka,25,JAN,2015,F,8799
84,2:26:43,Selly Kaptich CHEPYEGO,KEN,4,Tokyo,22,FEB,2015,F,8803
85,2:26:45,Meselech MELKAMU,ETH,5,Ottawa,24,SEP,2015,F,8805
86,2:26:46,Andrea DEELSTRA,NED,5,Berlin,27,SEP,2015,F,8806
87,2:26:48,Biruktayit ESHETU,ETH,6,Paris,12,APR,2015,F,8808
88,2:26:49,Maja NEUENSCWANDER,SUI,6,Berlin,27,SEP,2015,F,8809
89,2:26:54,Flomena CHEYCH,KEN,5,Tokyo,22,FEB,2015,F,8814
90,2:26:54,Changqin DING,CHN,1,Chongqing,22,MAR,2015,F,8814
91,2:26:55,Ashete BEKERE,ETH,5,Prague,3,MAY,2015,F,8815
92,2:26:57,Christelle DAUNAY,FRA,5,New York,1,NOV,2015,F,8817
93,2:26:57,Beata NAIGAMBO,NAM,1,Valencia,15,NOV,2015,F,8817
94,2:27:03,Priscah JEPTOO,KEN,6,New York,1,NOV,2015,F,8823
95,2:27:06,Mercy KIBARUS,KEN,2,Warsaw,26,APR,2015,F,8826
96,2:27:08,Lucy KARIMI,KEN,16,Dubai,23,JAN,2015,F,8828
97,2:27:12,Sechale DALASA,ETH,4,Houston,18,JAN,2015,F,8832
98,2:27:14,Yeshi ESAYIAS,ETH,6,Ottawa,24,MAY,2015,F,8834
99,2:27:16,Edna KIPLAGAT,KEN,11,London,26,APR,2015,F,8836
0,2:18:11,Gladys CHERONO,KEN,1,Berlin,16,SEP,2018,F,8291
1,2:18:31,Vivian CHERUIYOT,KEN,1,London,22,APR,2018,F,8311
2,2:18:34,Ruti AGA,ETH,2,Berlin,16,SEP,2018,F,8314
3,2:18:35,Brigid KOSGEI,KEN,1,Chicago,7,OCT,2018,F,8315
4,2:18:35,Ruth CHEPNGETICH,KEN,1,Istanbul,11,NOV,2018,F,8315
5,2:18:55,Tirunesh DIBABA,ETH,3,Berlin,16,SEP,2018,F,8335
6,2:19:17,Roza DEREJE,ETH,1,Dubai,26,JAN,2018,F,8357
7,2:19:30,Feyse TADESE,ETH,2,Dubai,26,JAN,2018,F,8370
8,2:19:36,Yebrgual MELESE,ETH,3,Dubai,26,JAN,2018,F,8376
9,2:19:51,Berhane DIBABA,ETH,1,Tokyo,25,FEB,2018,F,8391
10,2:19:56,Worknesh DEGEFA,ETH,4,Dubai,26,JAN,2018,F,8396
11,2:20:13,Haftamnesh TESFAY,ETH,5,Dubai,26,JAN,2018,F,8413
12,2:20:13,Brigid KOSGEI,KEN,2,London,22,APR,2018,F,8413
13,2:20:36,Meskerem ASSEFA,ETH,1,Frankfurt,28,OCT,2018,F,8436
14,2:20:37,Yebrgual MELESE,ETH,1,Shanghai,18,NOV,2018,F,8437
15,2:20:45,Gelete BURKA,ETH,6,Dubai,26,JAN,2018,F,8445
16,2:20:47,Haftamnesh TESFAY,ETH,2,Frankfurt,28,OCT,2018,F,8447
17,2:21:14,Ashete DIDO,ETH,1,Valencia,2,DEC,2018,F,8474
18,2:21:18,Edna KIPLAGAT,KEN,4,Berlin,16,SEP,2018,F,8478
19,2:21:18,DEREJE,ETH,2,Chicago,7,OCT,2018,F,8478
20,2:21:19,AGA,ETH,2,Tokyo,25,FEB,2018,F,8479
21,2:21:32,Bedatu HIRPA,ETH,3,Frankfurt,28,OCT,2018,F,8492
22,2:21:38,Valary AYABEI,KEN,1,Beijing,16,SEP,2018,F,8498
23,2:21:40,Tadelech BEKELE,ETH,3,London,22,APR,2018,F,8500
24,2:21:42,Amy CRAGG,USA,3,Tokyo,25,FEB,2018,F,8502
25,2:21:45,Dera DIDA,ETH,7,Dubai,26,JAN,2018,F,8505
26,2:21:45,Meskerem ASSEFA,ETH,1,Nagoya,11,MAR,2018,F,8505
27,2:21:51,Azmera ABREHA,ETH,2,Shanghai,18,NOV,2018,F,8511
28,2:21:53,Belaynesh OLJIRA,ETH,4,Frankfurt,28,OCT,2018,F,8513
29,2:22:07,Gelete BURKA,ETH,1,Ottawa,27,MAY,2018,F,8527
30,2:22:10,Lydia CHEROMEI,KEN,2,Valencia,2,DEC,2018,F,8530
31,2:22:15,Shure DEMISE,ETH,3,Chicago,7,OCT,2018,F,8535
32,2:22:17,DEMISE,ETH,4,Tokyo,25,FEB,2018,F,8537
33,2:22:23,Mizuki MATSUDA,JPN,5,Berlin,16,SEP,2018,F,8543
34,2:22:29,Mimi BELETE,ETH,1,Toronto,21,OCT,2018,F,8549
35,2:22:35,Marta MEGRA,ETH,2,Toronto,21,OCT,2018,F,8555
36,2:22:39,Dera DIDA,ETH,5,Frankfurt,28,OCT,2018,F,8559
37,2:22:44,Mizuki MATSUDA,JPN,1,Osaka,28,JAN,2018,F,8564
38,2:22:45,Sintayehu LEWETEGN,ETH,6,Frankfurt,28,OCT,2018,F,8565
39,2:22:46,Nancy Jepkosgei KIPROP,KEN,7,Frankfurt,28,OCT,2018,F,8566
40,2:22:48,Valary JEMELI,KEN,2,Nagoya,11,MAR,2018,F,8568
41,2:22:48,Helen TOLA,ETH,6,Berlin,16,SEP,2018,F,8568
42,2:22:48,Mary KEITANY,KEN,1,New York,4,NOV,2018,F,8568
43,2:22:55,Betsy SAINA,KEN,1,Paris,8,APR,2018,F,8575
44,2:22:58,Visiline JEPKESHO,KEN,1,Ljubljana,28,OCT,2018,F,8578
45,2:22:59,Ruth CHEPNGETICH,KEN,2,Paris,8,APR,2018,F,8579
46,2:23:06,Gulume CHALA,ETH,3,Paris,8,APR,2018,F,8586
47,2:23:07,Hanami SEKINE,JPN,3,Nagoya,11,MAR,2018,F,8587
48,2:23:14,Tadelech BEKELE,ETH,1,Amsterdam,21,OCT,2018,F,8594
49,2:23:15,Sally KIPYEGO,KEN,2,Ljubljana,28,OCT,2018,F,8595
50,2:23:27,Ashete BEKELE,ETH,4,Paris,8,APR,2018,F,8607
51,2:23:28,Shasho INSERMU,ETH,2,Amsterdam,21,OCT,2018,F,8608
52,2:23:29,Ruth CHEBITOK,KEN,3,Toronto,21,OCT,2018,F,8609
53,2:23:31,Azmera GEBRU,ETH,3,Amsterdam,21,OCT,2018,F,8611
54,2:23:34,Dibabe KUMA,ETH,3,Ljubljana,28,OCT,2018,F,8614
55,2:23:37,Tinbit WELDEGEBRIL,ETH,3,Valencia,2,DEC,2018,F,8617
56,2:23:39,Desi JISA,BRN,4,Amsterdam,21,OCT,2018,F,8619
57,2:23:40,Betty LEMPUS,KEN,3,Shanghai,18,NOV,2018,F,8620
58,2:23:43,Stella BARSOSIO,KEN,5,Paris,8,APR,2018,F,8623
59,2:23:46,Rahma TUSA,ETH,1,Roma,8,APR,2018,F,8626
60,2:23:46,Linet MASAI,KEN,5,Amsterdam,21,OCT,2018,F,8626
61,2:23:47,Visiline JEPKESHO,KEN,1,Rotterdam,8,APR,2018,F,8627
62,2:23:48,Honami MAEDA,JPN,2,Osaka,28,JAN,2018,F,8628
63,2:23:54,Afera GODFAY,ETH,4,Shanghai,18,NOV,2018,F,8634
64,2:24:05,JISA,BRN,8,Dubai,26,JAN,2018,F,8645
65,2:24:08,Marta MEGRA,ETH,6,Paris,8,APR,2018,F,8648
66,2:24:08,Hirut TIBEBU,ETH,1,Seoul,18,MAR,2018,F,8648
67,2:24:10,Gladys CHERONO,KEN,4,London,22,APR,2018,F,8650
68,2:24:11,Sembere TEFERI,ETH,9,Dubai,26,JAN,2018,F,8651
69,2:24:17,Lonah Chemtai SALPETER,ISR,1,Firenze,25,NOV,2018,F,8657
70,2:24:18,Nancy KIPROP,KEN,1,Wien,22,APR,2018,F,8658
71,2:24:19,Bornes KITUR,KEN,1,Prague,6,MAY,2018,F,8659
72,2:24:27,Mary KEITANY,KEN,5,London,22,APR,2018,F,8667
73,2:24:30,Margaret AGAI,KEN,2,Seoul,18,MAR,2018,F,8670
74,2:24:31,Monica JEPKOECH,KEN,3,Seoul,18,MAR,2018,F,8671
75,2:24:35,Betsy SAINA,KEN,8,Frankfurt,28,OCT,2018,F,8675
76,2:24:35,Aberu MEKURIA,ETH,4,Valencia,2,DEC,2018,F,8675
77,2:24:38,Jackline CHEPNGENO,KEN,6,Amsterdam,21,OCT,2018,F,8678
78,2:24:47,Letebrhan HAYLAY,ETH,1,Dongying,5,MAY,2018,F,8687
79,2:24:49,Ruth CHEBITOK,KEN,1,Gold Coast,1,JUL,2018,F,8689
80,2:24:51,Bruktayit ESHETU,ETH,1,Houston,14,JAN,2018,F,8691
81,2:24:51,Shitaye ESHETE,BRN,1,Hamburg,29,APR,2018,F,8691
82,2:24:57,Belaynesh OLJIRA,ETH,2,Houston,14,JAN,2018,F,8697
83,2:25:00,Stellah BARSOSIO,KEN,9,Frankfurt,28,OCT,2018,F,8700
84,2:25:01,Mulu SEBOKA,ETH,4,Seoul,18,MAR,2018,F,8701
85,2:25:02,Abebech AFEWORK,ETH,7,Paris,8,APR,2018,F,8702
86,2:25:02,Sharon CHEROP,KEN,4,Ljubljana,28,OCT,2018,F,8702
87,2:25:04,Margaret AGAI,KEN,2,Istanbul,11,NOV,2018,F,8704
88,2:25:10,Hirut Tibebu DAMTE,ETH,1,Hangzhou,4,NOV,2018,F,8710
89,2:25:13,Belaynesh OLJIRA,ETH,2,Prague,6,MAY,2018,F,8713
90,2:25:17,Abebech AFEWORK,ETH,10,Frankfurt,28,OCT,2018,F,8717
91,2:25:22,Ana Dulce FELIX,POR,5,Valencia,2,DEC,2018,F,8722
92,2:25:23,Honami MAEDA,JPN,7,Berlin,16,SEP,2018,F,8723
93,2:25:24,Mare DIBABA,ETH,11,Frankfurt,28,OCT,2018,F,8724
94,2:25:25,Volha MAZURONAK,BLR,1,Dusseldorf,29,APR,2018,F,8725
95,2:25:27,Carla Salome ROCHA,POR,8,Berlin,16,SEP,2018,F,8727
96,2:25:28,Dirke DEBELE,ETH,2,Hamburg,29,APR,2018,F,8728
97,2:25:35,Kaoutar BOULAID,MAR,1,Sevilla,25,FEB,2018,F,8735
98,2:25:35,Dalila ABDULKADIR,BRN,1,Saitama,9,DEC,2018,F,8735
99,2:25:39,Shitaye ESHETE,BRN,2,Saitama,9,DEC,2018,F,8739
0,2:14:04,Brigid KOSGEI,KEN,1,Chicago,13,OCT,2019,F,8044
1,2:17:08,Ruth CHEPNGETICH,KEN,1,Dubai,25,JAN,2019,F,8228
2,2:17:20,KOSGEI,KEN,1,London,28,APR,2019,F,8240
3,2:17:41,Worknesh DEGEFA,ETH,2,Dubai,25,JAN,2019,F,8261
4,2:18:30,Roza DEREJE,ETH,1,Valencia,1,DEC,2019,F,8310
5,2:18:33,Azmera ABREHA,ETH,2,Valencia,1,DEC,2019,F,8313
6,2:18:46,Birhane DIBABA,ETH,3,Valencia,1,DEC,2019,F,8326
7,2:18:52,Vivian CHERUIYOT,KEN,4,Valencia,1,DEC,2019,F,8332
8,2:19:10,Valary AYABEI,KEN,1,Frankfurt,27,OCT,2019,F,8350
9,2:19:26,Degitu AZIMERAW,ETH,1,Amsterdam,20,OCT,2019,F,8366
10,2:19:27,Zeineba YIMER,ETH,5,Valencia,1,DEC,2019,F,8367
11,2:19:46,Lonah Chemtai SALPETER,ISR,1,Prague,5,MAY,2019,F,8386
12,2:19:52,Tigist GIRMA,ETH,2,Amsterdam,20,OCT,2019,F,8392
13,2:20:14,Vivian CHERUIYOT,KEN,2,London,28,APR,2019,F,8414
14,2:20:14,Ashete BEKERE,ETH,1,Berlin,29,SEP,2019,F,8414
15,2:20:21,Mare DIBABA,ETH,2,Berlin,29,SEP,2019,F,8421
16,2:20:24,Workenesh EDESA,ETH,6,Valencia,1,DEC,2019,F,8424
17,2:20:39,Purity RIONORIPO,KEN,7,Valencia,1,DEC,2019,F,8439
18,2:20:40,Ruti AGA,ETH,1,Tokyo,3,MAR,2019,F,8440
19,2:20:48,Azmera GEBRU,ETH,3,Amsterdam,20,OCT,2019,F,8448
20,2:20:51,Roza DEREJE,ETH,3,London,28,APR,2019,F,8451
21,2:20:51,Abebel YESHANEH,ETH,2,Chicago,13,OCT,2019,F,8451
22,2:20:52,Gladys CHERONO,KEN,4,London,28,APR,2019,F,8452
23,2:20:55,Gelete BURKA,ETH,3,Chicago,13,OCT,2019,F,8455
24,2:20:58,Mary KEITANY,KEN,5,London,28,APR,2019,F,8458
25,2:21:01,Helen TOLA,ETH,2,Tokyo,3,MAR,2019,F,8461
26,2:21:03,Besu SADO,ETH,4,Amsterdam,20,OCT,2019,F,8463
27,2:21:05,Worknesh EDESA,ETH,3,Dubai,25,JAN,2019,F,8465
28,2:21:05,Shure DEMISE,ETH,3,Tokyo,3,MAR,2019,F,8465
29,2:21:06,Sally CHEPYEGO,ETH,3,Berlin,29,SEP,2019,F,8466
30,2:21:10,Megertu KEBEDE,ETH,2,Frankfurt,27,OCT,2019,F,8470
31,2:21:11,Vivian Jerono KIPLAGAT,KEN,1,Abu Dhabi,6,DEC,2019,F,8471
32,2:21:22,Mimi BELETE,BRN,5,Amsterdam,20,OCT,2019,F,8482
33,2:21:26,Bornes KITUR,KEN,1,Ljubljana,27,OCT,2019,F,8486
34,2:21:33,Shitaye ESHETE,BRN,2,Ljubljana,27,OCT,2019,F,8493
35,2:21:50,Florence KIPLAGAT,KEN,4,Tokyo,3,MAR,2019,F,8510
36,2:22:07,Diana CHEMTAI,KEN,3,Lubljana,27,OCT,2019,F,8527
37,2:22:11,Meskerem ASSEFA,ETH,3,Frankfurt,27,OCT,2019,F,8531
38,2:22:12,Nancy KIPROP,KEN,1,Wien,7,APR,2019,F,8532
39,2:22:16,Sarah HALL,USA,4,Berlin,29,SEP,2019,F,8536
40,2:22:16,Magdelyne MASAI,KEN,1,Toronto,20,OCT,2019,F,8536
41,2:22:25,Helalia JOHANNES,NAM,1,Nagoya,10,MAR,2019,F,8545
42,2:22:25,Vivian KIPLAGAT,KEN,1,Milano,7,APR,2019,F,8545
43,2:22:29,Abeba GEBREMNESKEL,ETH,8,Valencia,1,DEC,2019,F,8549
44,2:22:38,Joyciline JEPKOSGEI,KEN,1,New York,3,NOV,2019,F,8558
45,2:22:39,Shitaye ESHETE,BRN,2,Prague,5,MAY,2019,F,8559
46,2:22:40,Biruktayit ESHETU,ETH,2,Toronto,20,OCT,2019,F,8560
47,2:22:41,Afera GODFAY,ETH,1,Dongying,20,APR,2019,F,8561
48,2:22:43,Betsy SAINA,KEN,3,Toronto,20,OCT,2019,F,8563
49,2:22:45,Waganesh MEKASHA,ETH,4,Dubai,25,JAN,2019,F,8565
50,2:22:47,Gelete BURKA,ETH,1,Paris,14,APR,2019,F,8567
51,2:22:52,Megertu ALEMU,ETH,1,Roma,7,APR,2019,F,8572
52,2:22:52,Azmera GEBRU,ETH,2,Paris,14,APR,2019,F,8572
53,2:22:53,Tadelech BEKELE,ETH,9,Valencia,1,DEC,2019,F,8573
54,2:22:55,Ashete BEKERE,ETH,1,Rotterdam,7,APR,2019,F,8575
55,2:22:58,Visiline JEPKESHO,KEN,2,Nagoya,10,MAR,2019,F,8578
56,2:23:01,Valary JEMELI,KEN,3,Nagoya,10,MAR,2019,F,8581
57,2:23:08,Emily SISSON,USA,6,London,28,APR,2019,F,8588
58,2:23:11,Lonah SALPETER,ISR,4,Frankfurt,27,OCT,2019,F,8591
59,2:23:14,Kuftu Tahir DADISO,ETH,4,Ljubljana,27,OCT,2019,F,8594
60,2:23:19,Waganesh MEKASHA,ETH,2,Dongying,20,APR,2019,F,8599
61,2:23:19,Birke DEBELE,ETH,4,Toronto,20,OCT,2019,F,8599
62,2:23:19,Yebrgual MELESE,ETH,1,Shanghai,17,NOV,2019,F,8599
63,2:23:23,Bedatu HIRPA,ETH,5,Tokyo,3,MAR,2019,F,8603
64,2:23:28,Biruktayit DEGEFA,ETH,1,Houston,20,JAN,2019,F,8608
65,2:23:30,Rachel MUTGA,KEN,5,Toronto,20,OCT,2019,F,8610
66,2:23:31,Sutume ASEFA,ETH,1,Beijing,3,NOV,2019,F,8611
67,2:23:33,Meseret DEFAR,ETH,4,Nagoya,10,MAR,2019,F,8613
68,2:23:32,Mary KEITANY,KEN,2,New York,3,NOV,2019,F,8612
69,2:23:34,Stella BARSOSIO,KEN,2,Rotterdam,7,APR,2019,F,8614
70,2:23:35,Azmera ABREHA,ETH,3,Paris,14,APR,2019,F,8615
71,2:23:40,Hirut TIBEBU,ETH,1,Istanbul,3,NOV,2019,F,8620
72,2:23:41,ClÃˆmence CALVIN,FRA,4,Paris,14,APR,2019,F,8621
73,2:23:44,Desi Jisa MOKONIN,BRN,1,Seoul,17,MAR,2019,F,8624
74,2:25:46,Rodah JEPKORIR,KEN,1,Buenos Aires,22,SEP,2019,F,8746
75,2:23:50,Peres JEPCHIRCHIR,KEN,1,Saitama,8,DEC,2019,F,8630
76,2:23:50,Hiwot GEBREKIDAN,ETH,1,Guangzhou,8,DEC,2019,F,8630
77,2:23:52,Reia IWADE,JPN,5,Nagoya,10,MAR,2019,F,8632
78,2:23:54,Sally CHEPYEGO,KEN,5,Paris,14,APR,2019,F,8634
79,2:23:57,Melet KEJETA,GER,6,Berlin,29,SEP,2019,F,8637
80,2:23:59,Monica JEPKOECH,KEN,6,Nagoya,10,MAR,2019,F,8639
81,2:24:00,Sara DOSSENA,ITA,7,Nagoya,10,MAR,2019,F,8640
82,2:24:02,Ababel YESHANEH,ETH,6,Tokyo,3,MAR,2019,F,8642
83,2:24:03,Wude YIMER AYALEW,ETH,2,Abu Dhabi,6,DEC,2019,F,8643
84,2:24:05,Hirut TIBEBU,ETH,2,Seoul,17,MAR,2019,F,8645
85,2:24:09,Kayoko FUKUSHI,JPN,8,Nagoya,10,MAR,2019,F,8649
86,2:24:11,Sinead DIVER,AUS,7,London,28,APR,2019,F,8651
87,2:24:13,Askale MERACHI,ETH,1,Los Angeles,24,MAR,2019,F,8653
88,2:24:13,Ruth CHEBITOK,KEN,6,Toronto,20,OCT,2019,F,8653
89,2:24:15,Tigist ABAYECHEW,ETH,2,Istanbul,3,NOV,2019,F,8655
90,2:24:16,Maurine CHEPKEMOI,KEN,3,Istanbul,3,NOV,2019,F,8656
91,2:24:19,Miyuki UEHARA,JPN,9,Nagoya,10,MAR,2019,F,8659
92,2:24:21,Marta MEGRA,ETH,1,Hengshui,22,SEP,2019,F,8661
93,2:24:28,Yeshi CHEKOLE KALAYU,ETH,3,Abu Dhabi,6,DEC,2019,F,8668
94,2:24:29,Guteni SHONE,ETH,1,Sevilla,17,FEB,2019,F,8669
95,2:24:30,Aberu MERKURIA,ETH,1,Chongqing,31,MAR,2019,F,8670
96,2:24:30,Shiuko GENEMO,ETH,7,Toronto,20,OCT,2019,F,8670
97,2:24:33,Mao ICHIYAMA,JPN,7,Tokyo,3,MAR,2019,F,8673
98,2:24:33,Stellah BARSOSIO,KEN,1,Sydney,15,SEP,2019,F,8673
99,2:24:34,Genet YALEW,ETH,3,Prague,5,MAY,2019,F,8674
0,2:03:23,Wilson Kipsang,KEN,1,Berlin,29,SEP,2013,M,7403
1,2:03:45,Dennis Kimetto,KEN,1,Chicago,13,OCT,2013,M,7425
2,2:03:52,Emmanuel Mutai,KEN,2,Chicago,13,OCT,2013,M,7432
3,2:04:05,Eliud Kipchoge,KEN,2,Berlin,29,SEP,2013,M,7445
4,2:04:45,Lelisa Desisa,ETH,1,Dubai,25,JAN,2013,M,7485
5,2:04:48,Andualem Belay Shiferaw,ETH,2,Dubai,25,JAN,2013,M,7488
6,2:04:49,Tadesse Tola,ETH,3,Dubai,25,JAN,2013,M,7489
7,2:04:52,Endeshaw Negesse,ETH,4,Dubai,25,JAN,2013,M,7492
8,2:04:53,Bernard Koech,ETH,5,Dubai,25,JAN,2013,M,7493
9,2:05:16,Sammy Kitwara,KEN,3,Chicago,13,OCT,2013,M,7516
10,2:05:30,Eliud Kipchoge,KEN,1,Hamburg,21,APR,2013,M,7530
11,2:05:36,Wilson Chebet,KEN,1,Amsterdam,20,OCT,2013,M,7536
12,2:05:38,Peter Some,KEN,1,Paris,7,APR,2013,M,7538
13,2:05:38,Tilahun Regassa,ETH,1,Rotterdam,14,APR,2013,M,7538
14,2:06:04,Tsegaye Kebede,ETH,1,London,21,APR,2013,M,7564
15,2:06:06,Berhanu Girma,ETH,2,Amsterdam,20,OCT,2013,M,7566
16,2:06:15,Vincent Kipruto,KEN,1,Frankfurt,27,OCT,2013,M,7575
17,2:06:16,Mark Kiptoo,KEN,2,Frankfurt,27,OCT,2013,M,7576
18,2:06:25,James Kipsang Kwambai,KEN,1,Seoul,3,NOV,2013,M,7585
19,2:06:26,Geoffrey Kipsang,KEN,3,Berlin,29,SEP,2013,M,7586
20,2:06:29,Bernard Koech,KEN,3,Amsterdam,20,OCT,2013,M,7589
21,2:06:33,Nicholas Kipkemboi,KEN,6,Dubai,25,JAN,2013,M,7593
22,2:06:33,Tadese Tola,ETH,2,Paris,7,APR,2013,M,7593
23,2:06:33,Emmanuel Mutai,KEN,2,London,21,APR,2013,M,7593
24,2:06:34,Eric Ndiema,KEN,3,Paris,7,APR,2013,M,7594
25,2:06:35,Stephen Tum,KEN,1,Marrakech,27,JAN,2013,M,7595
26,2:06:45,Getu Feleke,ETH,2,Rotterdam,14,APR,2013,M,7605
27,2:06:50,Denis Kimetto,KEN,1,Tokyo,24,FEB,2013,M,7610
28,2:06:56,Megersa Bacha,ETH,4,Paris,7,APR,2013,M,7616
29,2:06:56,Micah Kogo,KEN,4,Chicago,13,OCT,2013,M,7616
30,2:06:57,Philip Sanga,KEN,5,Paris,7,APR,2013,M,7617
31,2:06:57,Ayele Abshero,ETH,3,London,21,APR,2013,M,7617
32,2:06:58,Michael Kipyego,KEN,2,Tokyo,24,FEB,2013,M,7618
33,2:06:59,Franklin Chepkwony,KEN,1,Seoul,17,MAR,2013,M,7619
34,2:07:05,Tesfaye Tola,ETH,1,Beijing,20,OCT,2013,M,7625
35,2:07:05,Deressa Chimsa,ETH,1,Toronto,20,OCT,2013,M,7625
36,2:07:08,Mark Korir,KEN,2,Seoul,3,NOV,2013,M,7628
37,2:07:12,Sumi Dechase,ETH,2,Seoul,17,MAR,2013,M,7632
38,2:07:12,Sammy Kitwara,KEN,3,Rotterdam,14,APR,2013,M,7632
39,2:07:14,Felix Kipkemoi Keny,KEN,1,Valencia,17,NOV,2013,M,7634
40,2:07:16,Martin Muthathi,KEN,1,Fukuoka,1,DEC,2013,M,7636
41,2:07:19,Bernard Kipyego,KEN,2,Beijing,20,OCT,2013,M,7639
42,2:07:20,Daniel Rono,KEN,3,Beijing,20,OCT,2013,M,7640
43,2:07:27,Seboka Dibaba Tola,ETH,3,Seoul,17,MAR,2013,M,7647
44,2:07:32,Negari Terfa,ETH,1,Xiamen,5,JAN,2013,M,7652
45,2:07:34,Elijah Kemboi,KEN,3,Frankfurt,27,OCT,2013,M,7654
46,2:07:35,Limenih Getachew,ETH,2,Hamburg,21,APR,2013,M,7655
47,2:07:41,Gezahegne Girma,ETH,2,Marrakech,27,JAN,2013,M,7661
48,2:07:44,Paul K Lonyangata,KEN,2,Xiamen,5,JAN,2013,M,7664
49,2:07:44,Stephen Chemlany,KEN,4,Berlin,29,SEP,2013,M,7664
50,2:07:44,Tadese Abraham,ERI,1,Zurich,7,APR,2013,M,7664
51,2:07:46,Feyise Lilesa,ETH,4,London,21,APR,2013,M,7666
52,2:07:46,Jacob Chesari,KEN,4,Frankfurt,27,OCT,2013,M,7666
53,2:07:47,Kipsang,KEN,5,London,21,APR,2013,M,7667
54,2:07:48,Dereje Debele Tulu,ETH,1,Dusseldorf,28,APR,2013,M,7668
55,2:07:48,Joel Kimurer Kemboi,KEN,1,Gyeongju,13,OCT,2013,M,7668
56,2:07:53,Bernard Kipyego,KEN,3,Tokyo,24,FEB,2013,M,7673
57,2:07:55,Dadi Yami,ETH,7,Dubai,25,JAN,2013,M,7675
58,2:07:55,Mustapha El Aziz,MAR,3,Seoul,3,NOV,2013,M,7675
59,2:07:56,Getachew Terfa Negari,ETH,1,Rome,17,MAR,2013,M,7676
60,2:08:00,Pius Dominic Ondoro,KEN,1,Tiberias,10,JAN,2013,M,7680
61,2:08:00,Kazuhiro Maeda,JPN,4,Tokyo,24,FEB,2013,M,7680
62,2:08:02,Kwambai,KEN,5,Tokyo,24,FEB,2013,M,7682
63,2:08:02,Abdullah Shami Dawit,ETH,4,Amsterdam,20,OCT,2013,M,7682
64,2:08:05,Stephen Kiprotich,UGA,6,London,21,APR,2013,M,7685
65,2:08:05,Tariku Jufar,ETH,1,Ottawa,26,MAY,2013,M,7685
66,2:08:10,Deribe Robi,ETH,2,Tiberias,10,JAN,2013,M,7690
67,2:08:11,Birhanu Gebre Girma,ETH,2,Rome,17,MAR,2013,M,7691
68,2:08:12,Luka Rotich,KEN,2,Ottawa,26,MAY,2013,M,7692
69,2:08:14,Sylvester Teimet,KEN,6,Paris,7,APR,2013,M,7694
70,2:08:15,Yuki Kawauchi,JPN,1,Beppu,3,FEB,2013,M,7695
71,2:08:15,Kawauchi,JPN,4,Seoul,17,MAR,2013,M,7695
72,2:08:17,Gilbert Kirwa,KEN,6,Tokyo,24,FEB,2013,M,7697
73,2:08:17,Albert Matebor,KEN,5,Frankfurt,27,OCT,2013,M,7697
74,2:08:17,Amanuel Mesel,ERI,2,Valencia,17,NOV,2013,M,7697
75,2:08:17,Ondoro,KEN,2,Dusseldorf,28,APR,2013,M,7697
76,2:08:19,Sahle Warga,ETH,7,Paris,7,APR,2013,M,7699
77,2:08:19,Abraham Girma,ETH,8,Paris,7,APR,2013,M,7699
78,2:08:19,Henry Sugut,KEN,1,Vienna,14,APR,2013,M,7699
79,2:08:22,Yared Asmerom,ERI,7,London,21,APR,2013,M,7702
80,2:08:24,Mike Kigen,KEN,8,Dubai,25,JAN,2013,M,7704
81,2:08:24,Geoffrey Mutai,KEN,1,New York,3,NOV,2013,M,7704
82,2:08:28,Habtamu Assefa,ETH,9,Dubai,25,JAN,2013,M,7708
83,2:08:29,Nickson Kurgat,KEN,1,Chuncheon,27,OCT,2013,M,7709
84,2:08:30,Stephen Chemlany,ETH,3,Rome,17,MAR,2013,M,7710
85,2:08:30,David Kemboi Kiyang,KEN,2,Chuncheon,27,OCT,2013,M,7710
86,2:08:31,Francis Kibiwott,KEN,3,Tiberias,10,JAN,2013,M,7711
87,2:08:32,Lusapho April,RSA,1,Hannover,5,MAY,2013,M,7712
88,2:08:33,Abraham Kiprotich,FRA,1,Daegu,14,APR,2013,M,7713
89,2:08:34,Vincent Kipruto,KEN,1,Otsu,3,MAR,2013,M,7714
90,2:08:34,Solomon Kiptoo,KEN,2,Vienna,14,APR,2013,M,7714
91,2:08:35,Kentaro Nakamoto,JPN,2,Beppu,3,FEB,2013,M,7715
92,2:08:35,Haile Haja Gemeda,ETH,4,Rome,17,MAR,2013,M,7715
93,2:08:37,Tariku Jufar,ETH,2,Otsu,3,MAR,2013,M,7717
94,2:08:39,Warga,ETH,3,Xiamen,5,JAN,2013,M,7719
95,2:08:39,Stanley Biwott,KEN,8,London,21,APR,2013,M,7719
96,2:08:42,Geoffrey Ndugu,KEN,3,Vienna,14,APR,2013,M,7722
97,2:08:42,Alfred Kering,KEN,1,Hengshui,21,SEP,2013,M,7722
98,2:08:46,Dereje Tadesse,ETH,4,Tiberias,10,JAN,2013,M,7726
99,2:08:46,Abebe Degefa,ETH,4,Beijing,20,OCT,2013,M,7726
0,2:04:00,Eliud KIPCHOGE,KEN,1,Berlin,27,SEP,2015,M,7440
1,2:04:42,KIPCHOGE,KEN,1,London,26,APR,2015,M,7482
2,2:04:47,Wilson KIPSANG,KEN,2,London,26,APR,2015,M,7487
3,2:05:21,Eliud KIPTANUI,KEN,2,Berlin,27,SEP,2015,M,7521
4,2:05:28,Lemi BERHANU,ETH,1,Dubai,23,JAN,2015,M,7528
5,2:05:49,Mark KORIR,KEN,1,Paris,12,APR,2015,M,7549
6,2:05:50,Dennis KIMETTO,KEN,3,London,26,APR,2015,M,7550
7,2:05:52,Lelisa DESISA,ETH,2,Dubai,23,JAN,2015,M,7552
8,2:05:52,Stephen CHEBOGUT,KEN,1,Eindhoven,11,OCT,2015,M,7552
9,2:05:58,Deriba ROBI,ETH,2,Eindhoven,11,OCT,2015,M,7558
10,2:06:00,Endeshaw NEGESSE,ETH,1,Tokyo,22,FEB,2015,M,7560
11,2:06:00,B  Mark KIPTOO,KEN,3,Eindhoven,11,OCT,2015,M,7560
12,2:06:06,Deribe ROBI,ETH,3,Dubai,23,JAN,2015,M,7566
13,2:06:11,Wilson LOYANAE,KEN,1,Seoul,15,MAR,2015,M,7571
14,2:06:13,Bernard KIPYEGO,KEN,1,Amsterdam,18,OCT,2015,M,7573
15,2:06:13,John MWANGANGI,KEN,1,Valencia,15,NOV,2015,M,7573
16,2:06:19,Moses Cheruiyot MOSOP,KEN,1,Xiamen,3,JAN,2015,M,7579
17,2:06:26,Sisay LEMMA,ETH,1,Frankfrut,25,OCT,2015,M,7586
18,2:06:33,Stephen KIPROTICH,UGA,2,Tokyo,22,FEB,2015,M,7593
19,2:06:33,Matthew KISORIO,KEN,2,Valencia,15,NOV,2015,M,7593
20,2:06:34,Dickson CHUMBA,KEN,3,Tokyo,22,FEB,2015,M,7594
21,2:06:34,Lani Kiplagat RUTTO,KEN,2,Frankfurt,25,OCT,2015,M,7594
22,2:06:35,Feysa LELISA,ETH,2,Xiamen,3,JAN,2015,M,7595
23,2:06:41,Stanley BIWOTT,KEN,4,London,26,APR,2015,M,7601
24,2:06:46,Abera KUMA,ETH,1,Rotterdam,12,APR,2015,M,7606
25,2:06:48,Alfers LAGAT,KEN,3,Frankfurt,25,OCT,2015,M,7608
26,2:06:54,Tilahun REGASSA,ETH,2,Xiamen,3,JAN,2015,M,7614
27,2:06:57,Feyisa LILESA,ETH,3,Berlin,27,SEP,2015,M,7617
28,2:06:59,Felix KIPROTICH,KEN,2,Seoul,15,MAR,2015,M,7619
29,2:07:06,Sisay LEMMA,ETH,5,Dubai,23,JAN,2015,M,7626
30,2:07:07,Samuel Kiplimo KOSGEI,KEN,1,Kosice,4,OCT,2015,M,7627
31,2:07:07,Felix KANDIE,KEN,3,Valencia,15,NOV,2015,M,7627
32,2:07:09,Bazu WORKU,ETH,6,Dubai,23,JAN,2015,M,7629
33,2:07:12,Paul LONYANGATA,KEN,1,Shanghai,8,NOV,2015,M,7632
34,2:07:11,Wilson Loyanae ERUPE,KEN,1,Gyeongju,11,OCT,2015,M,7631
35,2:07:16,REGASSA,ETH,5,London,26,APR,2015,M,7636
36,2:07:16,Abayneh WOLDEGIORGIS,ETH,4,Eindhoven,11,OCT,2015,M,7636
37,2:07:17,Lucas ROTICH,KEN,1,Hamburg,26,APR,2015,M,7637
38,2:07:18,Ezekiel CHEBII,KEN,2,Amsterdam,18,OCT,2015,M,7638
39,2:07:20,Shumi DECHASA,ETH,4,Tokyo,22,FEB,2015,M,7640
40,2:07:20,Luka KANDA,KEN,2,Paris,12,APR,2015,M,7640
41,2:07:20,Mark KIPTOO,KEN,2,Rotterdam,12,APR,2015,M,7640
42,2:07:22,Peter SOME,KEN,5,Tokyo,22,FEB,2015,M,7642
43,2:07:25,Markos GENETI,ETH,6,Tokyo,22,FEB,2015,M,7645
44,2:07:26,Girmay BIRHANU,ETH,1,Daegu,5,APR,2015,M,7646
45,2:07:31,Sisay LEMMA,ETH,1,Vienna,12,APR,2015,M,7651
46,2:07:33,Seboka TOLA,ETH,3,Paris,12,APR,2015,M,7653
47,2:07:38,Stephen MOKOKA,RSA,2,Shanghai,8,NOV,2015,M,7658
48,2:07:39,Masato IMAI,JPN,7,Tokyo,22,FEB,2015,M,7659
49,2:07:42,Mike KIPRUTO,KEN,4,Paris,12,APR,2015,M,7662
50,2:07:43,Samuel KITWARA,KEN,6,London,26,APR,2015,M,7663
51,2:07:44,Gilbert Kipruto KIRWA,KEN,5,Paris,12,APR,2015,M,7664
52,2:07:45,Mike KIGEN,KEN,3,Amsterdam,18,OCT,2015,M,7665
53,2:07:46,Emmanuel MUTAI,KEN,4,Berlin,27,SEP,2015,M,7666
54,2:07:47,Jacob KIBET,KEN,3,Seoul,15,MAR,2015,M,7667
55,2:07:47,Ghirmay GHEBRESLASSIE,ERI,2,Hamburg,26,APR,2015,M,7667
56,2:07:54,Laban Kipngetich KORIR,KEN,6,Paris,12,APR,2015,M,7674
57,2:07:56,Deressa CHIMSA,ETH,7,Paris,12,APR,2015,M,7676
58,2:07:58,Tsegaye KEBEDE,ETH,8,Tokyo,22,FEB,2015,M,7678
59,2:07:57,Hayle Berhanu LEMI,ETH,1,Warsaw,26,APR,2015,M,7677
60,2:07:57,Ernest Kiprono NGENO,KEN,1,Hengshui,26,SEP,2015,M,7677
61,2:08:01,Stephen CHEBOGUT,KEN,3,Hamburg,26,APR,2015,M,7681
62,2:08:02,Bernard KOECH,KEN,3,Rotterdam,12,APR,2015,M,7682
63,2:08:03,Birhanu GEDEFA,ETH,1,Houston,18,JAN,2015,M,7683
64,2:08:05,Dadi Yami GEMEDA,ETH,4,Seoul,15,MAR,2015,M,7685
65,2:08:05,Robert KWEMOI,KEN,2,Warsaw,26,APR,2015,M,7685
66,2:08:08,Kosgei Colling TANUI,KEN,2,Kosice,4,OCT,2015,M,7688
67,2:08:09,Abrha MILAW,ETH,3,Xiamen,3,JAN,2015,M,7689
68,2:08:11,Chala DECHASE,ETH,7,Dubai,23,JAN,2015,M,7691
69,2:08:11,Markos GENETI,ETH,3,Warsaw,26,APR,2015,M,7691
70,2:08:11,Joel Kiplimo KEMBOI,KEN,2,Gyeongju,11,OCT,2015,M,7691
71,2:08:12,Gebo BURKA,ETH,2,Houston,18,JAN,2015,M,7692
72,2:08:14,Abreham CHERKOS,ETH,5,Seoul,15,MAR,2015,M,7694
73,2:08:14,Girmay BIRHANU,ETH,1,Ottawa,24,MAY,2015,M,7694
74,2:08:16,Philip KANGOGO,KEN,1,Barcelona,15,MAR,2015,M,7696
75,2:08:17,Edwin KIBET,KEN,5,Eindhoven,11,OCT,2015,M,7697
76,2:08:18,Robert Kipkorir KWAMBAI,KEN,4,Xiamen,3,JAN,2015,M,7698
77,2:08:18,Philemon RONO,KEN,4,Hamburg,26,APR,2015,M,7698
78,2:08:18,Amanuel MESEL,ERI,4,Warsaw,26,APR,2015,M,7698
79,2:08:18,Patrick MAKAU,KEN,1,Fukuoka,6,DEC,2015,M,7698
80,2:08:19,Limaneh GETACHEW,ETH,1,Ljubljana,25,OCT,2015,M,7699
81,2:08:21,Stephen CHEMLANY,KEN,2,Nagano,5,APR,2015,M,7701
82,2:08:25,Chala DECHASE,ETH,4,Amsterdam,18,OCT,2015,M,7705
83,2:08:28,Richard SIGEI,KEN,5,Warsaw,26,APR,2015,M,7708
84,2:08:29,Elijah KEMBOI,KEN,6,Warsaw,26,APR,2015,M,7709
85,2:08:31,Gete FELEKE,ETH,2,Fukuoka,6,DEC,2015,M,7711
86,2:08:32,Felix KANDIE,KEN,1,Prague,3,MAY,2015,M,7712
87,2:08:33,Arne GABIUS,GER,4,Frankfurt,25,OCT,2015,M,7713
88,2:08:37,Mulugeta WAMI,ETH,2,Ljubljana,25,OCT,2015,M,7717
89,2:08:38,Gebresadik ABRAHA,ETH,4,Valencia,15,NOV,2015,M,7718
90,2:08:42,Kenneth MUNGARA,KEN,1,Gold Coast,5,JUL,2015,M,7722
91,2:08:44,MUNGARA,KEN,1,Milano,12,APR,2015,M,7724
92,2:08:45,Wilson CHEBET,KEN,5,Amsterdam,18,OCT,2015,M,7725
93,2:08:46,Tebalu ZAWUDE,ETH,1,Seoul,1,NOV,2015,M,7726
94,2:08:47,Philemon RONO,KEN,5,Valencia,17,NOV,2015,M,7727
95,2:08:49,Suleiman SIMOTWO,KEN,5,Frankfurt,25,OCT,2015,M,7729
96,2:08:50,Evans CHEBET,KEN,2,Prague,3,MAY,2015,M,7730
97,2:08:50,Tola Shura Kitata,ETH,3,Shanghai,8,NOV,2015,M,7730
98,2:08:51,Workneh TESFA,ETH,1,Marrakech,25,JAN,2015,M,7731
99,2:08:53,Ayele ABSHERO,ETH,3,Gyeongju,11,OCT,2015,M,7733
0,2:01:39,Eliud KIPCHOGE,KEN,1,Berlin,16,SEP,2018,M,7299
1,2:04:00,Mosinet GEREMEW,ETH,1,Dubai,26,JAN,2018,M,7440
2,2:04:02,Leul GEBRESILASE,ETH,2,Dubai,26,JAN,2018,M,7442
3,2:04:06,Tamirat TOLA,ETH,3,Dubai,26,JAN,2018,M,7446
4,2:04:06,Lawrence CHERONO,KEN,1,Amsterdam,21,OCT,2018,M,7446
5,2:04:06,Asefa MENGSTU,ETH,4,Dubai,26,JAN,2018,M,7446
6,2:04:08,Sisay LEMMA,ETH,5,Dubai,26,JAN,2018,M,7448
7,2:04:15,Birhanu LEGESE,ETH,6,Dubai,26,JAN,2018,M,7455
8,2:04:17,Eliud KIPCHOGE,KEN,1,London,22,APR,2018,M,7457
9,2:04:30,Leul GEBRSELASSIE,ETH,1,Valencia,2,DEC,2018,M,7470
10,2:04:37,Mule WASIHUN,ETH,2,Amsterdam,21,OCT,2018,M,7477
11,2:04:40,Solomon DEKSISA,ETH,3,Amsterdam,21,OCT,2018,M,7480
12,2:04:43,El Hassan El ABBASAI,BRN,2,Valencia,2,DEC,2018,M,7483
13,2:04:44,Seifu TURA,ETH,7,Dubai,26,JAN,2018,M,7484
14,2:04:47,Tola SHURA,ETH,2,London,22,APR,2018,M,7487
15,2:04:53,Matthew KISORIO,KEN,3,Valencia,2,DEC,2018,M,7493
16,2:04:58,Sisay LEMMA,ETH,5,Ljubljana,28,OCT,2018,M,7498
17,2:05:11,Mo FARAH,GBR,1,Chicago,7,OCT,2018,M,7511
18,2:05:14,Mosinet GEREMEW,ETH,2,Chicago,7,OCT,2018,M,7514
19,2:05:20,Tsegaye KEBEDE,ETH,4,Valencia,2,DEC,2018,M,7520
20,2:05:21,Emmanuel SAINA,KEN,1,Buenos Aires,23,SEP,2018,M,7521
21,2:05:21,Norbert KIGEN,KEN,5,Valencia,2,DEC,2018,M,7521
22,2:05:26,El Mahjoub DAZZA,MAR,6,Valencia,2,DEC,2018,M,7526
23,2:05:30,Dickson CHUMBA,KEN,1,Tokyo,25,FEB,2018,M,7530
24,2:05:44,Kenneth KIPKEMOI,KEN,1,Rotterdam,8,APR,2018,M,7544
25,2:05:50,Abera KUMA,ETH,2,Rotterdam,8,APR,2018,M,7550
26,2:05:50,Suguru OSAKA,JPN,3,Chicago,7,OCT,2018,M,7550
27,2:05:56,Kelkile GEZAHEGNE,ETH,3,Rotterdam,8,APR,2018,M,7556
28,2:05:57,Kenneth KIPKEMOI,KEN,4,Chicago,7,OCT,2018,M,7557
29,2:05:58,Laban KORIR,KEN,4,Rotterdam,8,APR,2018,M,7558
30,2:05:59,Lelisa DESISA,ETH,1,New York,4,NOV,2018,M,7559
31,2:06:01,Shura KITATA,ETH,2,New York,4,NOV,2018,M,7561
32,2:06:07,Galen RUPP,USA,1,Prague,6,MAY,2018,M,7567
33,2:06:11,Yuta SHITARA,JPN,2,Tokyo,25,FEB,2018,M,7571
34,2:06:15,Gideon KIPKETER,KEN,4,Amsterdam,21,OCT,2018,M,7575
35,2:06:20,Sammy KITWARA,KEN,7,Valencia,2,DEC,2018,M,7580
36,2:06:21,FARAH,GBR,3,London,22,APR,2018,M,7581
37,2:06:21,Galen RUPP,USA,5,Chicago,7,OCT,2018,M,7581
38,2:06:23,Amos KIPRUTO,KEN,2,Berlin,16,SEP,2018,M,7583
39,2:06:24,Kaan Ã–ZBILEN,TUR,5,Amsterdam,21,OCT,2018,M,7584
40,2:06:24,Solomon Kirwa YEGO,KEN,8,Valencia,2,DEC,2018,M,7584
41,2:06:25,Paul LONYANGATA,KEN,1,Paris,8,APR,2018,M,7585
42,2:06:26,Geoffrey KWAMWOROR,KEN,3,New York,4,NOV,2018,M,7586
43,2:06:29,Abraham KIPTUM,KEN,1,Daegu,1,APR,2018,M,7589
44,2:06:33,Amos KIPRUTO,KEN,3,Tokyo,25,FEB,2018,M,7593
45,2:06:33,Laban KORIR,KEN,6,Amsterdam,21,OCT,2018,M,7593
46,2:06:34,DEKSISA,ETH,1,Hamburg,29,APR,2018,M,7594
47,2:06:35,Evans Kipkoech KORIR,KEN,2,Daegu,1,APR,2018,M,7595
48,2:06:36,Mathew KISORIO,KEN,2,Paris,8,APR,2018,M,7596
49,2:06:37,Kelkile WOLDAREGAY,ETH,1,Frankfurt,28,OCT,2018,M,7597
50,2:06:41,Ernest NGENO,KEN,3,Paris,8,APR,2018,M,7601
51,2:06:41,Martin Kiprugut KOSGEY,KEN,2,Frankfurt,28,OCT,2018,M,7601
52,2:06:45,Geoffrey KIRUI,KEN,6,Chicago,7,OCT,2018,M,7605
53,2:06:47,Gideon KIPKETER,KEN,4,Tokyo,25,FEB,2018,M,7607
54,2:06:47,Tadu ABATE,ETH,7,Amsterdam,21,OCT,2018,M,7607
55,2:06:48,Wilson KIPSANG,KEN,3,Berlin,16,SEP,2018,M,7608
56,2:06:49,Peter Kimeli SOME,KEN,3,Daegu,1,APR,2018,M,7609
57,2:06:51,Jonathan KORIR,KEN,8,Amsterdam,21,OCT,2018,M,7611
58,2:06:54,Hiroto INOUE,JPN,5,Tokyo,25,FEB,2018,M,7614
59,2:06:54,Tadu ABATE,ETH,2,Hamburg,29,APR,2018,M,7614
60,2:06:57,Wilson Loyanae ERUPE,KEN,1,Seoul,18,MAR,2018,M,7617
61,2:07:00,Yitayal ATNAFU,ETH,4,Paris,8,APR,2018,M,7620
62,2:07:03,Mark KORIR,KEN,2,Seoul,18,MAR,2018,M,7623
63,2:07:03,Sisay LEMMA,ETH,2,Prague,6,MAY,2018,M,7623
64,2:07:07,Abel KIRUI,KEN,4,London,22,APR,2018,M,7627
65,2:07:09,Alex KIBET,KEN,3,Frankfurt,28,OCT,2018,M,7629
66,2:07:11,Benson KIPRUTO,KEN,3,Seoul,18,MAR,2018,M,7631
67,2:07:19,Ayele ABSHERO,ETH,3,Hamburg,29,APR,2018,M,7639
68,2:07:20,Hillary KIPSAMBU,KEN,9,Amsterdam,21,OCT,2018,M,7640
69,2:07:22,Marius KIPSEREM,KEN,5,Rotterdam,8,APR,2018,M,7642
70,2:07:24,Benson KIPRUTO,KEN,1,Toronto,21,OCT,2018,M,7644
71,2:07:25,Abrha MILAW ASEFA,ETH,1,Cannes,4,NOV,2018,M,7645
72,2:07:27,Yuma HATTORI,JPN,1,Fukuoka,2,DEC,2018,M,7647
73,2:07:28,Amos Kiplimo MITEI,KEN,4,Frankfurt,28,OCT,2018,M,7648
74,2:07:30,Feyisa LILESE,ETH,6,Tokyo,25,FEB,2018,M,7650
75,2:07:32,Elisha KIPCHIRCHIR,KEN,1,Eindhoven,14,OCT,2018,M,7652
76,2:07:33,Deribe ROBI,ETH,9,Valencia,2,DEC,2018,M,7653
77,2:07:34,Limenih GETACHEW,ETH,1,Lisboa,14,OCT,2018,M,7654
78,2:07:34,Kenneth KETER,KEN,5,Frankfurt,28,OCT,2018,M,7654
79,2:07:37,Solomon YEGO,KEN,4,Hamburg,29,APR,2018,M,7657
80,2:07:37,Benson SEUREI,BRN,10,Valencia,2,DEC,2018,M,7657
81,2:07:38,Laban MUTAI,KEN,2,Eindhoven,14,OCT,2018,M,7658
82,2:07:45,Marius KIMUTAI,KEN,4,Seoul,18,MAR,2018,M,7665
83,2:07:46,Augustino Paulo SULLE,TAN,2,Toronto,21,OCT,2018,M,7666
84,2:07:50,Elisha ROTICH,KEN,4,Daegu,1,APR,2018,M,7670
85,2:07:50,Mark KIPTOO,KEN,6,Frankfurt,28,OCT,2018,M,7670
86,2:07:50,Vincent RONO,KEN,3,Eindhoven,14,OCT,2018,M,7670
87,2:07:51,Samuel NDUNGU,KEN,2,Lisboa,14,OCT,2018,M,7671
88,2:07:52,Abel KIRUI,KEN,7,Chicago,7,OCT,2018,M,7672
89,2:07:53,Macharia NDIRANGU,KEN,1,Otsu,4,MAR,2018,M,7673
90,2:07:57,Felix KIPROTICH,KEN,5,Seoul,18,MAR,2018,M,7677
91,2:07:57,Stephen KIPROTICH,UGA,5,Hamburg,29,APR,2018,M,7677
92,2:07:57,Taku FUJIMOTO,JPN,8,Chicago,7,OCT,2018,M,7677
93,2:07:58,Justus KIPKOSGEI,KEN,3,Lisboa,14,OCT,2018,M,7678
94,2:07:59,Bedan KAROKI,KEN,9,Chicago,7,OCT,2018,M,7679
95,2:08:03,Jarius BIRECH,KEN,1,Roma,8,APR,2018,M,7683
96,2:08:08,Ryo KINEME,JPN,7,Tokyo,25,FEB,2018,M,7688
97,2:08:08,Anthony MARITIM,KEN,1,Barcelona,11,MAR,2018,M,7688
98,2:08:11,Raymond CHOGE,KEN,1,Kosice,7,OCT,2018,M,7691
99,2:08:13,Mule WASIHUN,ETH,6,Rotterdam,8,APR,2018,M,7693
0,2:01:41,Kenenisa BEKELE,ETH,1,Berlin,29,SEP,2019,M,7301
1,2:02:37,Eliud KIPCHOGE,KEN,1,London,28,APR,2019,M,7357
2,2:02:48,Berhanu LEGESE,ETH,2,Berlin,29,SEP,2019,M,7368
3,2:02:55,Mosinet GEREMEW,ETH,2,London,28,APR,2019,M,7375
4,2:03:16,Mule WASIHUN,ETH,3,London,28,APR,2019,M,7396
5,2:03:34,Getaneh MOLLA,ETH,1,Dubai,25,JAN,2019,M,7414
6,2:03:36,Sisay LEMMA,ETH,3,Berlin,29,SEP,2019,M,7416
7,2:03:40,Herpassa NEGASA,ETH,2,Dubai,25,JAN,2019,M,7420
8,2:03:51,Kinde Atanaw AYALEW,ETH,1,Valencia,1,DEC,2019,M,7431
9,2:04:11,Marius KIPSEREM,KEN,1,Rotterdam,7,APR,2019,M,7451
10,2:04:16,Kaan Kigen OZBILEN,TUR,2,Valencia,1,DEC,2019,M,7456
11,2:04:24,Asefa MENGISTU,ETH,3,Dubai,25,JAN,2019,M,7464
12,2:04:40,Reuben Kiprop KIPYEGO,KEN,1,Abu Dhabi,6,DEC,2019,M,7480
13,2:04:42,Guye ADOLA,ETH,3,Valencia,1,DEC,2019,M,7482
14,2:04:46,Titus ERIKU,KEN,1,Milano,7,APR,2019,M,7486
15,2:04:48,Birhanu LEGESE,ETH,1,Tokyo,3,MAR,2019,M,7488
16,2:04:51,Abebe NEGEWO,ETH,4,Valencia,1,DEC,2019,M,7491
17,2:05:00,Evans CHEBET,KEN,1,Buenos Aires,22,SEP,2019,M,7500
18,2:05:00,Philemon RONO,KEN,1,Toronto,20,OCT,2019,M,7500
19,2:05:01,Shura KITATA,ETH,4,London,28,APR,2019,M,7501
20,2:05:02,Emmanuel SAINA,KEN,4,Dubai,25,JAN,2019,M,7502
21,2:05:09,Vincent KIPCHUMBA,KEN,1,Amsterdam,20,OCT,2019,M,7509
22,2:05:09,Lemi BERHANU,ETH,2,Toronto,20,OCT,2019,M,7509
23,2:05:12,Filex CHEMONGES,UGA,3,Toronto,20,OCT,2019,M,7512
24,2:05:13,Benson KIPRUTO,KEN,4,Toronto,20,OCT,2019,M,7513
25,2:05:16,Solomon DEKSISA,ETH,2,Amsterdam,20,OCT,2019,M,7516
26,2:05:18,Shifera TAMRU,ETH,5,Dubai,25,JAN,2019,M,7518
27,2:05:18,Elisha ROTICH,KEN,3,Amsterdam,20,OCT,2019,M,7518
28,2:05:19,Rueben KIPROP,KEN,2,Buenos Aires,22,SEP,2019,M,7519
29,2:05:27,Kaan Kigen Ã·ZBILEN,TUR,2,Rotterdam,7,APR,2019,M,7527
30,2:05:28,Betesfa GETAHUN,ETH,4,Amsterdam,20,OCT,2019,M,7528
31,2:05:29,Shifera TAMRU,ETH,1,Seoul,3,NOV,2019,M,7529
32,2:05:33,Felix KIPCHIRCHIR,KEN,1,Daegu,7,APR,2019,M,7533
33,2:05:39,Mo FARAH,GBR,5,London,28,APR,2019,M,7539
34,2:05:42,Emanuel SAINA,KEN,3,Rotterdam,7,APR,2019,M,7542
35,2:05:45,Lawrence CHERONO,KEN,1,Chicago,13,OCT,2019,M,7545
36,2:05:46,Dejene DEBELA,ETH,2,Chicago,13,OCT,2019,M,7546
37,2:05:48,Asefe MENGSTU,ETH,3,Chicago,13,OCT,2019,M,7548
38,2:05:53,Bedan KAROKI,KEN,4,Chicago,13,OCT,2019,M,7553
39,2:05:58,Dazza ALMAHJOUB,BRN,1,Prague,5,MAY,2019,M,7558
40,2:06:00,Thomas Kiplagat RONO,KEN,1,Seoul,17,MAR,2019,M,7560
41,2:06:00,Andualem SHIFERAW,ETH,1,Lisboa,20,OCT,2019,M,7560
42,2:06:02,Samuel WANJIKU,KEN,2,Lisboa,20,OCT,2019,M,7562
43,2:06:02,Alemu GEBRE,ETH,2,Seoul,3,NOV,2019,M,7562
44,2:06:04,Alemu BEKELE,BRN,1,Barcelona,10,MAR,2019,M,7564
45,2:06:04,Fentahun HUNEGNAW,ETH,5,Amsterdam,20,OCT,2019,M,7564
46,2:06:04,Philemon KACHERAN,KEN,5,Valencia,1,DEC,2019,M,7564
47,2:06:09,Kelkile GEZAHEGN,ETH,6,Dubai,25,JAN,2019,M,7569
48,2:06:12,Elisha ROTICH,KEN,2,Seoul,17,MAR,2019,M,7572
49,2:06:12,Ashenafi MOGES,ETH,6,Valencia,1,DEC,2019,M,7572
50,2:06:13,Tadu ABATE,ETH,6,Amsterdam,20,OCT,2019,M,7573
51,2:06:14,Abdi BASHIR,BEL,5,Chicago,13,OCT,2019,M,7574
52,2:06:16,Sondre Nordstad MOEN,NOR,7,Valencia,1,DEC,2019,M,7576
53,2:06:17,Abdi NAGEEYE,NED,4,Rotterdam,7,APR,2019,M,7577
54,2:06:18,Wolde DAWIT,ETH,2,Prague,5,MAY,2019,M,7578
55,2:06:21,Shifera Tamru AREDO,ETH,2,Daegu,7,APR,2019,M,7581
56,2:06:21,Fred MUSUBO,KEN,3,Daegu,7,APR,2019,M,7581
57,2:06:21,Joel Kemboi KIMURER,KEN,2,Abu Dhabi,6,DEC,2019,M,7581
58,2:06:22,Stephen CHEMLANY,KEN,3,Lisboa,20,OCT,2019,M,7582
59,2:06:23,Bantie AYCHEW,ETH,3,Prague,5,MAY,2019,M,7583
60,2:06:24,Mike Kiptum BOIT,KEN,3,Seoul,17,MAR,2019,M,7584
61,2:06:24,Morris GACHAGA,KEN,7,Amsterdam,20,OCT,2019,M,7584
62,2:06:25,Chale DECHASA,ETH,3,Seoul,3,NOV,2019,M,7585
63,2:06:27,Fikre BEKELE,ETH,4,Seoul,17,MAR,2019,M,7587
64,2:06:31,Daniel KEMBOI,KEN,8,Amsterdam,20,OCT,2019,M,7591
65,2:06:32,Adugna TAKELE,ETH,7,Dubai,25,JAN,2019,M,7592
66,2:06:33,Barnabus KIPTUM,KEN,4,Lisboa,20,OCT,2019,M,7593
67,2:06:36,Tsedat Abege AYANA,ETH,1,Sevilla,17,FEB,2019,M,7596
68,2:06:39,Belay Asefa BEDADA,ETH,2,Sevilla,17,FEB,2019,M,7599
69,2:06:40,Laban MUTAI,KEN,1,Eindhoven,13,OCT,2019,M,7600
70,2:06:41,Birhanu Bekele BERGA,ETH,3,Sevilla,17,FEB,2019,M,7601
71,2:06:45,Jonathan KORIR,KEN,4,Berlin,29,SEP,2019,M,7605
72,2:06:46,Obukay TSEGAY,ERI,4,Sevilla,17,FEB,2019,M,7606
73,2:06:46,Kipruto AMOS,KEN,4,Prague,5,MAY,2019,M,7606
74,2:06:48,Bedan KAROKI,KEN,2,Tokyo,3,MAR,2019,M,7608
75,2:06:49,Daniel Kipkore KIBET,KEN,5,Sevilla,17,FEB,2019,M,7609
76,2:06:49,Abebe NEGEWO,ETH,2,Barcelona,10,MAR,2019,M,7609
77,2:06:50,Tsegaye GETACHEW,ETH,8,Valencia,1,DEC,2019,M,7610
78,2:06:51,Birhan NEBEBEW,ETH,5,Lisboa,20,OCT,2019,M,7611
79,2:06:52,Daniel KIPKORE,KEN,3,Buenos Aires,22,SEP,2019,M,7612
80,2:06:54,Anthony MARITIM,KEN,3,Barcelona,10,MAR,2019,M,7614
81,2:06:56,Vincent KIPCHUMBA,KEN,1,Wien,7,APR,2019,M,7616
82,2:06:57,Tamirat TOLA,ETH,6,London,28,APR,2019,M,7617
83,2:06:59,Kennedy CHEBORBOR,KEN,4,Daegu,7,APR,2019,M,7619
84,2:06:59,Silas MWETICH,KEN,5,Toronto,20,OCT,2019,M,7619
85,2:07:00,Reuben KERIO,KEN,2,Eindhoven,13,OCT,2019,M,7620
86,2:07:00,Robert KWAMBAI,KEN,1,Chuncheon,27,OCT,2019,M,7620
87,2:07:03,Bashir ADBI,BEL,7,London,28,APR,2019,M,7623
88,2:07:05,Abrha MILAW,ETH,1,Paris,14,APR,2019,M,7625
89,2:07:06,Mathew KISORIO,KEN,1,Beijing,3,NOV,2019,M,7626
90,2:07:09,Evans KORIR,KEN,5,Daegu,7,APR,2019,M,7629
91,2:07:08,Fikre TEFERA,ETH,1,Frankfurt,27,OCT,2019,M,7628
92,2:07:10,Vincent RONO,KEN,5,Rotterdam,7,APR,2019,M,7630
93,2:07:10,Dawit WOLDE,ETH,2,Frankfurt,27,OCT,2019,M,7630
94,2:07:10,El Mahjoub DAZZA,MAR,1,Fukuoka,1,DEC,2019,M,7630
95,2:07:11,Robert KIPKEMBOI,KEN,5,Seoul,17,MAR,2019,M,7631
96,2:07:11,John LANGAT,KEN,3,Eindhoven,13,OCT,2019,M,7631
97,2:07:12,Philemon KACHERAN,KEN,4,Barcelona,10,MAR,2019,M,7632
98,2:07:12,Aweke YIMER,BRN,3,Frankfurt,27,OCT,2019,M,7632
99,2:07:15,Leul GEBRESILASIE,ETH,8,London,28,APR,2019,M,7635
