,time,name,country,place,marathon,day,month,year,gender
0,2:19:57,Rita Jeptoo,KEN,1,Chicago,13,OCT,2013,F
1,2:20:15,Priscah Jeptoo,KEN,1,London,21,APR,2013,F
2,2:20:48,Jemima Jelegat,KEN,2,Chicago,13,OCT,2013,F
3,2:21:05,Feyse Tadesse,ETH,1,Paris,7,APR,2013,F
4,2:21:13,Florence Kiplagat,KEN,1,Berlin,29,SEP,2013,F
5,2:21:32,Edna Kiplagat,KEN,2,London,21,APR,2013,F
6,2:22:34,Caroline Kilel,KEN,1,Frankfurt,27,OCT,2013,F
7,2:22:46,Maria Konovalova,RUS,3,Chicago,13,OCT,2013,F
8,2:23:00,Flomena Chepchirchir,KEN,2,Frankfurt,27,OCT,2013,F
9,2:23:01,Birhane Dibaba,ETH,3,Frankfurt,27,OCT,2013,F
10,2:23:02,Valentine Kipketer,KEN,1,Amsterdam,20,OCT,2013,F
11,2:23:14,Merima Mohamed,ETH,2,Paris,7,APR,2013,F
12,2:23:23,Tirfi Tsegaye,ETH,1,Dubai,25,JAN,2013,F
13,2:23:23,Mamitu Daska,ETH,4,Frankfurt,27,OCT,2013,F
14,2:23:27,Jelegat,KEN,1,Rotterdam,14,APR,2013,F
15,2:23:28,Margaret Agai,KEN,1,Daegu,14,APR,2013,F
16,2:23:28,Sharon Cherop,KEN,2,Berlin,29,SEP,2013,F
17,2:23:28,Aberu Kebede,ETH,1,Shanghai,1,DEC,2013,F
18,2:23:34,Ryoko Kizaki,JPN,1,Nagoya,10,MAR,2013,F
19,2:23:34,Eunice Kirwa Jepkirui,KEN,3,Paris,7,APR,2013,F
20,2:23:37,Mohammed,ETH,1,Houston,13,JAN,2013,F
21,2:23:39,Ehitu Kiros,ETH,2,Dubai,25,JAN,2013,F
22,2:23:43,Mulu Seboka,ETH,2,Daegu,14,APR,2013,F
23,2:23:44,Aliaksandra Duliba,BLR,4,Chicago,13,OCT,2013,F
24,2:23:45,Eunice Jepkirui Kirwa,KEN,5,Frankfurt,27,OCT,2013,F
25,2:23:50,Amane Gobena,ETH,3,Dubai,25,JAN,2013,F
26,2:23:51,Birhane Dibaba,ETH,2,Nagoya,10,MAR,2013,F
27,2:23:57,Tatiana Gamera-Shmyrko,UKR,1,Osaka,27,JAN,2013,F
28,2:23:59,Abebech Afework,ETH,2,Rotterdam,14,APR,2013,F
29,2:24:03,Agnes Barsosio,KEN,3,Daegu,14,APR,2013,F
30,2:24:05,Mizuko Noguchi,JPN,3,Nagoya,10,MAR,2013,F
31,2:24:06,Yeshi Esayias,ETH,6,Frankfurt,27,OCT,2013,F
32,2:24:21,Kayoko Fukushi,JPN,2,Osaka,27,JAN,2013,F
33,2:24:26,Bizunesh Deba,ETH,2,Houston,13,JAN,2013,F
34,2:24:30,Aheza Kiros,ETH,4,Dubai,25,JAN,2013,F
35,2:24:33,V Kipketer,KEN,1,Mumbai,20,JAN,2013,F
36,2:24:34,Flomena Cheych,KEN,1,Vienna,14,APR,2013,F
37,2:24:40,Helena Kirop,KEN,1,Rome,17,MAR,2013,F
38,2:24:43,Yukiko Akaba,JPN,3,London,21,APR,2013,F
39,2:24:54,Irina Mikitenko,GER,3,Berlin,29,SEP,2013,F
40,2:25:01,Belaynesh Oljira,ETH,5,Dubai,25,JAN,2013,F
41,2:25:07,P Jeptoo,KEN,1,New York,3,NOV,2013,F
42,2:25:09,Dinknesh Tefera,ETH,4,Paris,7,APR,2013,F
43,2:25:13,Flomina Cheyech,KEN,1,Toronto,20,OCT,2013,F
44,2:25:15,Getnet Selomie Kassa,ETH,2,Rome,17,MAR,2013,F
45,2:25:17,Meskerem Assefa,ETH,2,Houston,13,JAN,2013,F
46,2:25:22,Agnes Kiprop,ETH,5,Paris,7,APR,2013,F
47,2:25:31,Yeshi Esayias,ETH,1,Ottawa,26,MAY,2013,F
48,2:25:34,Aberu Kebede,ETH,1,Tokyo,24,FEB,2013,F
49,2:25:43,Philomena Chepchirchir,KEN,1,Seoul,17,MAR,2013,F
50,2:25:44,Lisa Stublic,CRO,1,Zurich,7,MAR,2013,F
51,2:25:45,Misiker Mekonin,ETH,2,Ottawa,26,MAY,2013,F
52,2:25:45,Kiplagat,KRN,1,Moscow,10,AUG,2013,F
53,2:25:46,Jelena Prokopcuka,LAT,4,Nagoya,10,MAR,2013,F
54,2:25:46,Meselech Melkamu,ETH,5,London,21,APR,2013,F
55,2:25:47,Shitaye Bedasa,ETH,6,Dubai,25,JAN,2013,F
56,2:25:53,Emebet Etea,ETH,2,Seoul,17,MAR,2013,F
57,2:25:55,Albina Mayorova,RUS,1,Yokohama,17,NOV,2013,F
58,2:25:56,Yuko Watanabe,JPN,3,Osaka,27,JAN,2013,F
59,2:25:56,Bizunesh Deba,ETH,2,New York,3,NOV,2013,F
60,2:25:58,Valeria Straneo,ITA,2,Moscow,10,AUG,2013,F
61,2:25:58,Risper Kimaiyo,KEN,1,Edinburgh,26,MAY,2013,F
62,2:26:01,Esayias,ETH,2,Tokyo,24,FEB,2013,F
63,2:26:05,Isabella Anderson,SWE,7,Dubai,25,JAN,2013,F
64,2:26:05,Lisa Weightman,AUS,1,Melbourne,13,OCT,2013,F
65,2:26:07,Aberu Mekuria Zennebe,ETH,1,Hengshui,21,SEP,2013,F
66,2:26:15,Meseret Legese Regesa,ETH,2,Hengshui,21,SEP,2013,F
67,2:26:17,Eri Hayakawa,JPN,5,Nagoya,10,MAR,2013,F
68,2:26:18,Yeshimebet Tadese Bifa,ETH,3,Seoul,17,MAR,2013,F
69,2:26:20,Mestawet Tufa,ETH,6,Nagoya,10,MAR,2013,F
70,2:26:24,Gisaw Melkam,ETH,1,Dusseldorf,28,APR,2013,F
71,2:26:30,Mohammed,ETH,2,Shanghai,1,DEC,2013,F
72,2:26:32,Mi-Gyong Kim,PRK,1,Pyongyang,14,APR,2013,F
73,2:26:34,Ashu Kasim,ETH,3,Shanghai,1,DEC,2013,F
74,2:26:41,Mari Ozaki,JPN,4,Osaka,27,JAN,2013,F
75,2:26:41,Irina Mikitenko,GER,3,Tokyo,24,FEB,2013,F
76,2:26:42,Hilda Kibet,NED,3,Rotterdam,14,APR,2013,F
77,2:26:42,Atsede Baysa,ETH,5,Chicago,13,OCT,2013,F
78,2:26:43,Sechale Adugna,ETH,2,Toronto,20,OCT,2013,F
79,2:26:44,Karolina Jarzynski,POL,1,Lodz,14,APR,2013,F
80,2:26:51,Albina Mayorova,RUS,4,Tokyo,24,FEB,2013,F
81,2:26:57,Tirfi Tsegaye Beyene,ETH,7,Frankfurt,27,OCT,2013,F
82,2:27:00,Caroline Rotich,KEN,1,Prague,12,MAY,2013,F
83,2:27:01,Azalech Masresha,ETH,1,Valencia,17,NOV,2013,F
84,2:27:03,Alessandra Aguilar,ESP,4,Rotterdam,14,APR,2013,F
85,2:27:05,Florence Kiplagat,KEN,6,London,21,APR,2013,F
86,2:27:07,Elena Burkovska,UKR,1,Hannover,5,MAY,2013,F
87,2:27:08,Abebech Afework,ETH,8,Dubai,25,JAN,2013,F
88,2:27:10,Sultan Haydar,TUR,3,Rome,17,MAR,2013,F
89,2:27:17,Yoko Miyauchi,JPN,7,Nagoya,10,MAR,2013,F
90,2:27:17,Yukiko Akaba,JPN,1,Gold Coast,7,JUL,2013,F
91,2:27:19,Eunice Kales,KEN,2,Melbourne,13,OCT,2013,F
92,2:27:21,Sung-eun Kim,KOR,4,Seoul,17,MAR,2013,F
93,2:27:27,Caroline Chepkwony,KEN,1,Ljubljana,27,OCT,2013,F
94,2:27:31,Sechale Delasa,ETH,3,Ottawa,26,MAY,2013,F
95,2:27:35,Fatuma Sado,ETH,1,Xiamen,5,JAN,2013,F
96,2:27:42,Ehitu Kiros,ETH,6,Chicago,13,OCT,2013,F
97,2:27:44,Netsanet Achamo,ETH,4,Ottawa,26,MAY,2013,F
98,2:27:45,Kayoko Fukushi,JPN,3,Moscow,10,AUG,2013,F
99,2:27:47,Ashere Bekere Dido,ETH,1,Kosice,6,OCT,2013,F
0,2:19:25,Gladys CHERONO,KEN,1,Berlin,27,SEP,2015,F
1,2:19:52,Mare DIBABA,ETH,1,Xiamen,3,JAN,2015,F
2,2:20:02,Aselefech MERGIA,ETH,1,Dubai,23,JAN,2015,F
3,2:20:03,Gladys CHERONO,KEN,2,Dubai,23,JAN,2015,F
4,2:20:21,Lucy Wangui KABUU,KEN,3,Dubai,23,JAN,2015,F
5,2:20:48,Aberu KEBEDE,ETH,2,Berlin,27,SEP,2015,F
6,2:20:59,Shure DEMISE,ETH,4,Dubai,23,JAN,2015,F
7,2:21:17,Aberu KEBEDE,ETH,5,Dubai,23,JAN,2015,F
8,2:21:56,Mulu SEBOKA,ETH,6,Dubai,23,JAN,2015,F
9,2:22:08,Eunice Jepkirui KIRWA,BRN,1,Nagoya,8,MAR,2015,F
10,2:22:09,Tetiana SHMYRKO,UKR,1,Osaka,25,JAN,2015,F
11,2:22:48,Sairi MAEDA,JPN,2,Nagoya,8,MAR,2015,F
12,2:22:51,Tadelech BEKELE,ETH,7,Dubai,23,JAN,2015,F
13,2:23:06,Aliaksandra DULIBA,BLR,8,Dubai,23,JAN,2015,F
14,2:23:12,Gulume Tollesa CHALA,ETH,1,Frankfurt,25,OCT,2015,F
15,2:23:12,Dinknesh MEKASH,ETH,2,Frankfurt,25,OCT,2015,F
16,2:23:15,Birhane DIBABA,ETH,1,Tokyo,22,FEB,2015,F
17,2:23:22,Tigist TUFA,ETH,1,London,26,APR,2015,F
18,2:23:23,Yebrqual MELESE,ETH,1,Houston,18,JAN,2015,F
19,2:23:26,Meseret MENGISTU,ETH,1,Paris,12,APR,2015,F
20,2:23:30,Amane GOBENA,ETH,2,Paris,12,APR,2015,F
21,2:23:32,Guteni SHONE,ETH,2,Houston,18,JAN,2015,F
22,2:23:33,Abebech AFEWORK,ETH,9,Dubai,23,JAN,2015,F
23,2:23:33,Florence KIPLAGAT,KEN,1,Chicago,11,OCT,2015,F
24,2:23:37,Shure DEMISE,ETH,1,Toronto,18,OCT,2015,F
25,2:23:40,Mary KEITANY,KEN,2,London,26,APR,2015,F
26,2:23:41,Tirfi TSEGAYE,ETH,3,London,26,APR,2015,F
27,2:23:43,Ashete BEKELE,ETH,10,Dubai,23,JAN,2015,F
28,2:23:43,Yebrgual MELESE,ETH,2,Chicago,11,OCT,2015,F
29,2:23:49,Yebrgual MELESE,ETH,1,Prague,3,MAY,2015,F
30,2:23:51,Biruktayit ESHETU,ETH,3,Houston,18,JAN,2015,F
31,2:23:52,Koren YAL,ETH,3,Frankfurt,25,OCT,2015,F
32,2:23:53,Aselefech MERGIA,ETH,4,London,26,APR,2015,F
33,2:24:03,Helah KIPROP,KEN,2,Tokyo,22,FEB,2015,F
34,2:24:07,Jelena PROKOPCUKA,LAT,2,Osaka,25,JAN,2015,F
35,2:24:11,Joyce CHEPKIRUI,KEN,1,Amsterdam,18,OCT,2015,F
36,2:24:15,Florence KIPLAGAT,KEN,5,London,26,APR,2015,F
37,2:24:16,Sharon CHEROP,KEN,2,Toronto,18,OCT,2015,F
38,2:24:16,Fatuma SADO,ETH,2,Toronto,18,OCT,2015,F
39,2:24:23,Jemima SUMGONG,KEN,6,London,26,APR,2015,F
40,2:24:24,Birhane DIBABA,ETH,3,Chicago,11,OCT,2015,F
41,2:24:25,Kayoko FUKUSHI,JPN,4,Chicago,11,OCT,2015,F
42,2:24:25,Mary KEITANY,KEN,1,New York,1,NOV,2015,F
43,2:24:26,Tiki GELANA,ETH,3,Tokyo,22,FEB,2015,F
44,2:24:29,Betelhem MOGES,ETH,11,Dubai,23,JAN,2015,F
45,2:24:33,Meserest HAILU,ETH,3,Berlin,27,SEP,2015,F
46,2:24:38,Flomena CHEYCH,KEN,2,Amsterdam,18,OCT,2015,F
47,2:24:38,Sardana TROFIMOVA,RUS,4,Frankfurt,25,OCT,2015,F
48,2:24:40,Mulu SEBOKA,ETH,5,Chicago,11,OCT,2015,F
49,2:24:42,Visiline JEPKESHO,KEN,3,Paris,12,APR,2015,F
50,2:24:42,Mai ITO,JPN,3,Nagoya,8,MAR,2015,F
51,2:24:44,Sultan HAYDAR,TUR,12,Dubai,23,JAN,2015,F
52,2:24:49,Sara MOREIRA,POR,2,Prague,3,MAY,2015,F
53,2:25:01,Priscah JEPTOO,KEN,7,London,26,APR,2015,F
54,2:25:01,Tadelech BEKELE,ETH,4,Berlin,27,SEP,2015,F
55,2:25:09,Purity RIONORIPO,KEN,1,Lisbon,18,OCT,2015,F
56,2:25:11,Meskerem ASSEFA,ETH,6,Chicago,11,OCT,2015,F
57,2:25:15,Ana Dulce FELIX,POR,8,London,26,APR,2015,F
58,2:25:22,Rebecca KANGOGO,KEN,13,Dubai,23,JAN,2015,F
59,2:25:24,Letebrhan HAYLAY,ETH,3,Prague,3,MAY,2015,F
60,2:25:30,Aberu MEKURIA,ETH,1,Ottawa,24,MAY,2015,F
61,2:25:32,Aselefech Mergia,ETH,2,New York,1,NOV,2015,F
62,2:25:36,Volha MAZURONAK,BLR,9,London,26,APR,2015,F
63,2:25:41,Meseret HAILU,ETH,1,Hamburg,26,APR,2015,F
64,2:25:41,Rebecca Kangogo CHESIR,KEN,2,Ottawa,24,MAY,2015,F
65,2:25:42,Melkam GIZAW,ETH,1,Ljubljana,25,OCT,2015,F
66,2:25:50,Tigist Tufa,ETH,3,New York,1,NOV,2015,F
67,2:25:46,Agnes Jepkemboi KIPROP,KEN,1,Hengshui,26,SEP,2015,F
68,2:25:53,Abebech AFEWORK,ETH,3,Ottawa,24,MAY,2015,F
69,2:25:53,Sara Moreira,POR,4,New York,1,NOV,2015,F
70,2:25:58,MEKURIA,ETH,14,Dubai,23,JAN,2015,F
71,2:25:58,Meskere ASSEFA,ETH,4,Paris,12,APR,2015,F
72,2:25:59,Marta LEMA,ETH,2,Hengshui,26,SEP,2015,F
73,2:26:14,Fantu ETICHA,ETH,15,Dubai,23,JAN,2015,F
74,2:26:12,Agnes Jepkemboi KIPROP,KEN,4,Ottawa,24,MAY,2015,F
75,2:26:16,Sylvia KIBET,KEN,2,Hamburg,26,APR,2015,F
76,2:26:20,LEMA,ETH,5,Paris,12,APR,2015,F
77,2:26:22,SHONE,ETH,1,Seoul,15,MAR,2015,F
78,2:26:23,Rael KIYARA,KEN,1,Shanghai,8,NOV,2015,F
79,2:26:25,Fatuma SADO,ETH,1,Warsaw,26,APR,2015,F
80,2:26:30,Asami KATO,JPN,1,Rotterdam,12,APR,2015,F
81,2:26:31,Janet RONO,KEN,4,Prague,3,MAY,2015,F
82,2:26:33,Rkia EL MKOUM,MAR,10,London,26,APR,2015,F
83,2:26:39,Risa SHIGETOMO,JPN,3,Osaka,25,JAN,2015,F
84,2:26:43,Selly Kaptich CHEPYEGO,KEN,4,Tokyo,22,FEB,2015,F
85,2:26:45,Meselech MELKAMU,ETH,5,Ottawa,24,SEP,2015,F
86,2:26:46,Andrea DEELSTRA,NED,5,Berlin,27,SEP,2015,F
87,2:26:48,Biruktayit ESHETU,ETH,6,Paris,12,APR,2015,F
88,2:26:49,Maja NEUENSCWANDER,SUI,6,Berlin,27,SEP,2015,F
89,2:26:54,Flomena CHEYCH,KEN,5,Tokyo,22,FEB,2015,F
90,2:26:54,Changqin DING,CHN,1,Chongqing,22,MAR,2015,F
91,2:26:55,Ashete BEKERE,ETH,5,Prague,3,MAY,2015,F
92,2:26:57,Christelle DAUNAY,FRA,5,New York,1,NOV,2015,F
93,2:26:57,Beata NAIGAMBO,NAM,1,Valencia,15,NOV,2015,F
94,2:27:03,Priscah JEPTOO,KEN,6,New York,1,NOV,2015,F
95,2:27:06,Mercy KIBARUS,KEN,2,Warsaw,26,APR,2015,F
96,2:27:08,Lucy KARIMI,KEN,16,Dubai,23,JAN,2015,F
97,2:27:12,Sechale DALASA,ETH,4,Houston,18,JAN,2015,F
98,2:27:14,Yeshi ESAYIAS,ETH,6,Ottawa,24,MAY,2015,F
99,2:27:16,Edna KIPLAGAT,KEN,11,London,26,APR,2015,F
0,2:18:11,Gladys CHERONO,KEN,1,Berlin,16,SEP,2018,F
1,2:18:31,Vivian CHERUIYOT,KEN,1,London,22,APR,2018,F
2,2:18:34,Ruti AGA,ETH,2,Berlin,16,SEP,2018,F
3,2:18:35,Brigid KOSGEI,KEN,1,Chicago,7,OCT,2018,F
4,2:18:35,Ruth CHEPNGETICH,KEN,1,Istanbul,11,NOV,2018,F
5,2:18:55,Tirunesh DIBABA,ETH,3,Berlin,16,SEP,2018,F
6,2:19:17,Roza DEREJE,ETH,1,Dubai,26,JAN,2018,F
7,2:19:30,Feyse TADESE,ETH,2,Dubai,26,JAN,2018,F
8,2:19:36,Yebrgual MELESE,ETH,3,Dubai,26,JAN,2018,F
9,2:19:51,Berhane DIBABA,ETH,1,Tokyo,25,FEB,2018,F
10,2:19:56,Worknesh DEGEFA,ETH,4,Dubai,26,JAN,2018,F
11,2:20:13,Haftamnesh TESFAY,ETH,5,Dubai,26,JAN,2018,F
12,2:20:13,Brigid KOSGEI,KEN,2,London,22,APR,2018,F
13,2:20:36,Meskerem ASSEFA,ETH,1,Frankfurt,28,OCT,2018,F
14,2:20:37,Yebrgual MELESE,ETH,1,Shanghai,18,NOV,2018,F
15,2:20:45,Gelete BURKA,ETH,6,Dubai,26,JAN,2018,F
16,2:20:47,Haftamnesh TESFAY,ETH,2,Frankfurt,28,OCT,2018,F
17,2:21:14,Ashete DIDO,ETH,1,Valencia,2,DEC,2018,F
18,2:21:18,Edna KIPLAGAT,KEN,4,Berlin,16,SEP,2018,F
19,2:21:18,DEREJE,ETH,2,Chicago,7,OCT,2018,F
20,2:21:19,AGA,ETH,2,Tokyo,25,FEB,2018,F
21,2:21:32,Bedatu HIRPA,ETH,3,Frankfurt,28,OCT,2018,F
22,2:21:38,Valary AYABEI,KEN,1,Beijing,16,SEP,2018,F
23,2:21:40,Tadelech BEKELE,ETH,3,London,22,APR,2018,F
24,2:21:42,Amy CRAGG,USA,3,Tokyo,25,FEB,2018,F
25,2:21:45,Dera DIDA,ETH,7,Dubai,26,JAN,2018,F
26,2:21:45,Meskerem ASSEFA,ETH,1,Nagoya,11,MAR,2018,F
27,2:21:51,Azmera ABREHA,ETH,2,Shanghai,18,NOV,2018,F
28,2:21:53,Belaynesh OLJIRA,ETH,4,Frankfurt,28,OCT,2018,F
29,2:22:07,Gelete BURKA,ETH,1,Ottawa,27,MAY,2018,F
30,2:22:10,Lydia CHEROMEI,KEN,2,Valencia,2,DEC,2018,F
31,2:22:15,Shure DEMISE,ETH,3,Chicago,7,OCT,2018,F
32,2:22:17,DEMISE,ETH,4,Tokyo,25,FEB,2018,F
33,2:22:23,Mizuki MATSUDA,JPN,5,Berlin,16,SEP,2018,F
34,2:22:29,Mimi BELETE,ETH,1,Toronto,21,OCT,2018,F
35,2:22:35,Marta MEGRA,ETH,2,Toronto,21,OCT,2018,F
36,2:22:39,Dera DIDA,ETH,5,Frankfurt,28,OCT,2018,F
37,2:22:44,Mizuki MATSUDA,JPN,1,Osaka,28,JAN,2018,F
38,2:22:45,Sintayehu LEWETEGN,ETH,6,Frankfurt,28,OCT,2018,F
39,2:22:46,Nancy Jepkosgei KIPROP,KEN,7,Frankfurt,28,OCT,2018,F
40,2:22:48,Valary JEMELI,KEN,2,Nagoya,11,MAR,2018,F
41,2:22:48,Helen TOLA,ETH,6,Berlin,16,SEP,2018,F
42,2:22:48,Mary KEITANY,KEN,1,New York,4,NOV,2018,F
43,2:22:55,Betsy SAINA,KEN,1,Paris,8,APR,2018,F
44,2:22:58,Visiline JEPKESHO,KEN,1,Ljubljana,28,OCT,2018,F
45,2:22:59,Ruth CHEPNGETICH,KEN,2,Paris,8,APR,2018,F
46,2:23:06,Gulume CHALA,ETH,3,Paris,8,APR,2018,F
47,2:23:07,Hanami SEKINE,JPN,3,Nagoya,11,MAR,2018,F
48,2:23:14,Tadelech BEKELE,ETH,1,Amsterdam,21,OCT,2018,F
49,2:23:15,Sally KIPYEGO,KEN,2,Ljubljana,28,OCT,2018,F
50,2:23:27,Ashete BEKELE,ETH,4,Paris,8,APR,2018,F
51,2:23:28,Shasho INSERMU,ETH,2,Amsterdam,21,OCT,2018,F
52,2:23:29,Ruth CHEBITOK,KEN,3,Toronto,21,OCT,2018,F
53,2:23:31,Azmera GEBRU,ETH,3,Amsterdam,21,OCT,2018,F
54,2:23:34,Dibabe KUMA,ETH,3,Ljubljana,28,OCT,2018,F
55,2:23:37,Tinbit WELDEGEBRIL,ETH,3,Valencia,2,DEC,2018,F
56,2:23:39,Desi JISA,BRN,4,Amsterdam,21,OCT,2018,F
57,2:23:40,Betty LEMPUS,KEN,3,Shanghai,18,NOV,2018,F
58,2:23:43,Stella BARSOSIO,KEN,5,Paris,8,APR,2018,F
59,2:23:46,Rahma TUSA,ETH,1,Roma,8,APR,2018,F
60,2:23:46,Linet MASAI,KEN,5,Amsterdam,21,OCT,2018,F
61,2:23:47,Visiline JEPKESHO,KEN,1,Rotterdam,8,APR,2018,F
62,2:23:48,Honami MAEDA,JPN,2,Osaka,28,JAN,2018,F
63,2:23:54,Afera GODFAY,ETH,4,Shanghai,18,NOV,2018,F
64,2:24:05,JISA,BRN,8,Dubai,26,JAN,2018,F
65,2:24:08,Marta MEGRA,ETH,6,Paris,8,APR,2018,F
66,2:24:08,Hirut TIBEBU,ETH,1,Seoul,18,MAR,2018,F
67,2:24:10,Gladys CHERONO,KEN,4,London,22,APR,2018,F
68,2:24:11,Sembere TEFERI,ETH,9,Dubai,26,JAN,2018,F
69,2:24:17,Lonah Chemtai SALPETER,ISR,1,Firenze,25,NOV,2018,F
70,2:24:18,Nancy KIPROP,KEN,1,Wien,22,APR,2018,F
71,2:24:19,Bornes KITUR,KEN,1,Prague,6,MAY,2018,F
72,2:24:27,Mary KEITANY,KEN,5,London,22,APR,2018,F
73,2:24:30,Margaret AGAI,KEN,2,Seoul,18,MAR,2018,F
74,2:24:31,Monica JEPKOECH,KEN,3,Seoul,18,MAR,2018,F
75,2:24:35,Betsy SAINA,KEN,8,Frankfurt,28,OCT,2018,F
76,2:24:35,Aberu MEKURIA,ETH,4,Valencia,2,DEC,2018,F
77,2:24:38,Jackline CHEPNGENO,KEN,6,Amsterdam,21,OCT,2018,F
78,2:24:47,Letebrhan HAYLAY,ETH,1,Dongying,5,MAY,2018,F
79,2:24:49,Ruth CHEBITOK,KEN,1,Gold Coast,1,JUL,2018,F
80,2:24:51,Bruktayit ESHETU,ETH,1,Houston,14,JAN,2018,F
81,2:24:51,Shitaye ESHETE,BRN,1,Hamburg,29,APR,2018,F
82,2:24:57,Belaynesh OLJIRA,ETH,2,Houston,14,JAN,2018,F
83,2:25:00,Stellah BARSOSIO,KEN,9,Frankfurt,28,OCT,2018,F
84,2:25:01,Mulu SEBOKA,ETH,4,Seoul,18,MAR,2018,F
85,2:25:02,Abebech AFEWORK,ETH,7,Paris,8,APR,2018,F
86,2:25:02,Sharon CHEROP,KEN,4,Ljubljana,28,OCT,2018,F
87,2:25:04,Margaret AGAI,KEN,2,Istanbul,11,NOV,2018,F
88,2:25:10,Hirut Tibebu DAMTE,ETH,1,Hangzhou,4,NOV,2018,F
89,2:25:13,Belaynesh OLJIRA,ETH,2,Prague,6,MAY,2018,F
90,2:25:17,Abebech AFEWORK,ETH,10,Frankfurt,28,OCT,2018,F
91,2:25:22,Ana Dulce FELIX,POR,5,Valencia,2,DEC,2018,F
92,2:25:23,Honami MAEDA,JPN,7,Berlin,16,SEP,2018,F
93,2:25:24,Mare DIBABA,ETH,11,Frankfurt,28,OCT,2018,F
94,2:25:25,Volha MAZURONAK,BLR,1,Dusseldorf,29,APR,2018,F
95,2:25:27,Carla Salome ROCHA,POR,8,Berlin,16,SEP,2018,F
96,2:25:28,Dirke DEBELE,ETH,2,Hamburg,29,APR,2018,F
97,2:25:35,Kaoutar BOULAID,MAR,1,Sevilla,25,FEB,2018,F
98,2:25:35,Dalila ABDULKADIR,BRN,1,Saitama,9,DEC,2018,F
99,2:25:39,Shitaye ESHETE,BRN,2,Saitama,9,DEC,2018,F
0,2:14:04,Brigid KOSGEI,KEN,1,Chicago,13,OCT,2019,F
1,2:17:08,Ruth CHEPNGETICH,KEN,1,Dubai,25,JAN,2019,F
2,2:17:20,KOSGEI,KEN,1,London,28,APR,2019,F
3,2:17:41,Worknesh DEGEFA,ETH,2,Dubai,25,JAN,2019,F
4,2:18:30,Roza DEREJE,ETH,1,Valencia,1,DEC,2019,F
5,2:18:33,Azmera ABREHA,ETH,2,Valencia,1,DEC,2019,F
6,2:18:46,Birhane DIBABA,ETH,3,Valencia,1,DEC,2019,F
7,2:18:52,Vivian CHERUIYOT,KEN,4,Valencia,1,DEC,2019,F
8,2:19:10,Valary AYABEI,KEN,1,Frankfurt,27,OCT,2019,F
9,2:19:26,Degitu AZIMERAW,ETH,1,Amsterdam,20,OCT,2019,F
10,2:19:27,Zeineba YIMER,ETH,5,Valencia,1,DEC,2019,F
11,2:19:46,Lonah Chemtai SALPETER,ISR,1,Prague,5,MAY,2019,F
12,2:19:52,Tigist GIRMA,ETH,2,Amsterdam,20,OCT,2019,F
13,2:20:14,Vivian CHERUIYOT,KEN,2,London,28,APR,2019,F
14,2:20:14,Ashete BEKERE,ETH,1,Berlin,29,SEP,2019,F
15,2:20:21,Mare DIBABA,ETH,2,Berlin,29,SEP,2019,F
16,2:20:24,Workenesh EDESA,ETH,6,Valencia,1,DEC,2019,F
17,2:20:39,Purity RIONORIPO,KEN,7,Valencia,1,DEC,2019,F
18,2:20:40,Ruti AGA,ETH,1,Tokyo,3,MAR,2019,F
19,2:20:48,Azmera GEBRU,ETH,3,Amsterdam,20,OCT,2019,F
20,2:20:51,Roza DEREJE,ETH,3,London,28,APR,2019,F
21,2:20:51,Abebel YESHANEH,ETH,2,Chicago,13,OCT,2019,F
22,2:20:52,Gladys CHERONO,KEN,4,London,28,APR,2019,F
23,2:20:55,Gelete BURKA,ETH,3,Chicago,13,OCT,2019,F
24,2:20:58,Mary KEITANY,KEN,5,London,28,APR,2019,F
25,2:21:01,Helen TOLA,ETH,2,Tokyo,3,MAR,2019,F
26,2:21:03,Besu SADO,ETH,4,Amsterdam,20,OCT,2019,F
27,2:21:05,Worknesh EDESA,ETH,3,Dubai,25,JAN,2019,F
28,2:21:05,Shure DEMISE,ETH,3,Tokyo,3,MAR,2019,F
29,2:21:06,Sally CHEPYEGO,ETH,3,Berlin,29,SEP,2019,F
30,2:21:10,Megertu KEBEDE,ETH,2,Frankfurt,27,OCT,2019,F
31,2:21:11,Vivian Jerono KIPLAGAT,KEN,1,Abu Dhabi,6,DEC,2019,F
32,2:21:22,Mimi BELETE,BRN,5,Amsterdam,20,OCT,2019,F
33,2:21:26,Bornes KITUR,KEN,1,Ljubljana,27,OCT,2019,F
34,2:21:33,Shitaye ESHETE,BRN,2,Ljubljana,27,OCT,2019,F
35,2:21:50,Florence KIPLAGAT,KEN,4,Tokyo,3,MAR,2019,F
36,2:22:07,Diana CHEMTAI,KEN,3,Lubljana,27,OCT,2019,F
37,2:22:11,Meskerem ASSEFA,ETH,3,Frankfurt,27,OCT,2019,F
38,2:22:12,Nancy KIPROP,KEN,1,Wien,7,APR,2019,F
39,2:22:16,Sarah HALL,USA,4,Berlin,29,SEP,2019,F
40,2:22:16,Magdelyne MASAI,KEN,1,Toronto,20,OCT,2019,F
41,2:22:25,Helalia JOHANNES,NAM,1,Nagoya,10,MAR,2019,F
42,2:22:25,Vivian KIPLAGAT,KEN,1,Milano,7,APR,2019,F
43,2:22:29,Abeba GEBREMNESKEL,ETH,8,Valencia,1,DEC,2019,F
44,2:22:38,Joyciline JEPKOSGEI,KEN,1,New York,3,NOV,2019,F
45,2:22:39,Shitaye ESHETE,BRN,2,Prague,5,MAY,2019,F
46,2:22:40,Biruktayit ESHETU,ETH,2,Toronto,20,OCT,2019,F
47,2:22:41,Afera GODFAY,ETH,1,Dongying,20,APR,2019,F
48,2:22:43,Betsy SAINA,KEN,3,Toronto,20,OCT,2019,F
49,2:22:45,Waganesh MEKASHA,ETH,4,Dubai,25,JAN,2019,F
50,2:22:47,Gelete BURKA,ETH,1,Paris,14,APR,2019,F
51,2:22:52,Megertu ALEMU,ETH,1,Roma,7,APR,2019,F
52,2:22:52,Azmera GEBRU,ETH,2,Paris,14,APR,2019,F
53,2:22:53,Tadelech BEKELE,ETH,9,Valencia,1,DEC,2019,F
54,2:22:55,Ashete BEKERE,ETH,1,Rotterdam,7,APR,2019,F
55,2:22:58,Visiline JEPKESHO,KEN,2,Nagoya,10,MAR,2019,F
56,2:23:01,Valary JEMELI,KEN,3,Nagoya,10,MAR,2019,F
57,2:23:08,Emily SISSON,USA,6,London,28,APR,2019,F
58,2:23:11,Lonah SALPETER,ISR,4,Frankfurt,27,OCT,2019,F
59,2:23:14,Kuftu Tahir DADISO,ETH,4,Ljubljana,27,OCT,2019,F
60,2:23:19,Waganesh MEKASHA,ETH,2,Dongying,20,APR,2019,F
61,2:23:19,Birke DEBELE,ETH,4,Toronto,20,OCT,2019,F
62,2:23:19,Yebrgual MELESE,ETH,1,Shanghai,17,NOV,2019,F
63,2:23:23,Bedatu HIRPA,ETH,5,Tokyo,3,MAR,2019,F
64,2:23:28,Biruktayit DEGEFA,ETH,1,Houston,20,JAN,2019,F
65,2:23:30,Rachel MUTGA,KEN,5,Toronto,20,OCT,2019,F
66,2:23:31,Sutume ASEFA,ETH,1,Beijing,3,NOV,2019,F
67,2:23:33,Meseret DEFAR,ETH,4,Nagoya,10,MAR,2019,F
68,2:23:32,Mary KEITANY,KEN,2,New York,3,NOV,2019,F
69,2:23:34,Stella BARSOSIO,KEN,2,Rotterdam,7,APR,2019,F
70,2:23:35,Azmera ABREHA,ETH,3,Paris,14,APR,2019,F
71,2:23:40,Hirut TIBEBU,ETH,1,Istanbul,3,NOV,2019,F
72,2:23:41,ClÃˆmence CALVIN,FRA,4,Paris,14,APR,2019,F
73,2:23:44,Desi Jisa MOKONIN,BRN,1,Seoul,17,MAR,2019,F
74,2:25:46,Rodah JEPKORIR,KEN,1,Buenos Aires,22,SEP,2019,F
75,2:23:50,Peres JEPCHIRCHIR,KEN,1,Saitama,8,DEC,2019,F
76,2:23:50,Hiwot GEBREKIDAN,ETH,1,Guangzhou,8,DEC,2019,F
77,2:23:52,Reia IWADE,JPN,5,Nagoya,10,MAR,2019,F
78,2:23:54,Sally CHEPYEGO,KEN,5,Paris,14,APR,2019,F
79,2:23:57,Melet KEJETA,GER,6,Berlin,29,SEP,2019,F
80,2:23:59,Monica JEPKOECH,KEN,6,Nagoya,10,MAR,2019,F
81,2:24:00,Sara DOSSENA,ITA,7,Nagoya,10,MAR,2019,F
82,2:24:02,Ababel YESHANEH,ETH,6,Tokyo,3,MAR,2019,F
83,2:24:03,Wude YIMER AYALEW,ETH,2,Abu Dhabi,6,DEC,2019,F
84,2:24:05,Hirut TIBEBU,ETH,2,Seoul,17,MAR,2019,F
85,2:24:09,Kayoko FUKUSHI,JPN,8,Nagoya,10,MAR,2019,F
86,2:24:11,Sinead DIVER,AUS,7,London,28,APR,2019,F
87,2:24:13,Askale MERACHI,ETH,1,Los Angeles,24,MAR,2019,F
88,2:24:13,Ruth CHEBITOK,KEN,6,Toronto,20,OCT,2019,F
89,2:24:15,Tigist ABAYECHEW,ETH,2,Istanbul,3,NOV,2019,F
90,2:24:16,Maurine CHEPKEMOI,KEN,3,Istanbul,3,NOV,2019,F
91,2:24:19,Miyuki UEHARA,JPN,9,Nagoya,10,MAR,2019,F
92,2:24:21,Marta MEGRA,ETH,1,Hengshui,22,SEP,2019,F
93,2:24:28,Yeshi CHEKOLE KALAYU,ETH,3,Abu Dhabi,6,DEC,2019,F
94,2:24:29,Guteni SHONE,ETH,1,Sevilla,17,FEB,2019,F
95,2:24:30,Aberu MERKURIA,ETH,1,Chongqing,31,MAR,2019,F
96,2:24:30,Shiuko GENEMO,ETH,7,Toronto,20,OCT,2019,F
97,2:24:33,Mao ICHIYAMA,JPN,7,Tokyo,3,MAR,2019,F
98,2:24:33,Stellah BARSOSIO,KEN,1,Sydney,15,SEP,2019,F
99,2:24:34,Genet YALEW,ETH,3,Prague,5,MAY,2019,F
0,2:03:23,Wilson Kipsang,KEN,1,Berlin,29,SEP,2013,M
1,2:03:45,Dennis Kimetto,KEN,1,Chicago,13,OCT,2013,M
2,2:03:52,Emmanuel Mutai,KEN,2,Chicago,13,OCT,2013,M
3,2:04:05,Eliud Kipchoge,KEN,2,Berlin,29,SEP,2013,M
4,2:04:45,Lelisa Desisa,ETH,1,Dubai,25,JAN,2013,M
5,2:04:48,Andualem Belay Shiferaw,ETH,2,Dubai,25,JAN,2013,M
6,2:04:49,Tadesse Tola,ETH,3,Dubai,25,JAN,2013,M
7,2:04:52,Endeshaw Negesse,ETH,4,Dubai,25,JAN,2013,M
8,2:04:53,Bernard Koech,ETH,5,Dubai,25,JAN,2013,M
9,2:05:16,Sammy Kitwara,KEN,3,Chicago,13,OCT,2013,M
10,2:05:30,Eliud Kipchoge,KEN,1,Hamburg,21,APR,2013,M
11,2:05:36,Wilson Chebet,KEN,1,Amsterdam,20,OCT,2013,M
12,2:05:38,Peter Some,KEN,1,Paris,7,APR,2013,M
13,2:05:38,Tilahun Regassa,ETH,1,Rotterdam,14,APR,2013,M
14,2:06:04,Tsegaye Kebede,ETH,1,London,21,APR,2013,M
15,2:06:06,Berhanu Girma,ETH,2,Amsterdam,20,OCT,2013,M
16,2:06:15,Vincent Kipruto,KEN,1,Frankfurt,27,OCT,2013,M
17,2:06:16,Mark Kiptoo,KEN,2,Frankfurt,27,OCT,2013,M
18,2:06:25,James Kipsang Kwambai,KEN,1,Seoul,3,NOV,2013,M
19,2:06:26,Geoffrey Kipsang,KEN,3,Berlin,29,SEP,2013,M
20,2:06:29,Bernard Koech,KEN,3,Amsterdam,20,OCT,2013,M
21,2:06:33,Nicholas Kipkemboi,KEN,6,Dubai,25,JAN,2013,M
22,2:06:33,Tadese Tola,ETH,2,Paris,7,APR,2013,M
23,2:06:33,Emmanuel Mutai,KEN,2,London,21,APR,2013,M
24,2:06:34,Eric Ndiema,KEN,3,Paris,7,APR,2013,M
25,2:06:35,Stephen Tum,KEN,1,Marrakech,27,JAN,2013,M
26,2:06:45,Getu Feleke,ETH,2,Rotterdam,14,APR,2013,M
27,2:06:50,Denis Kimetto,KEN,1,Tokyo,24,FEB,2013,M
28,2:06:56,Megersa Bacha,ETH,4,Paris,7,APR,2013,M
29,2:06:56,Micah Kogo,KEN,4,Chicago,13,OCT,2013,M
30,2:06:57,Philip Sanga,KEN,5,Paris,7,APR,2013,M
31,2:06:57,Ayele Abshero,ETH,3,London,21,APR,2013,M
32,2:06:58,Michael Kipyego,KEN,2,Tokyo,24,FEB,2013,M
33,2:06:59,Franklin Chepkwony,KEN,1,Seoul,17,MAR,2013,M
34,2:07:05,Tesfaye Tola,ETH,1,Beijing,20,OCT,2013,M
35,2:07:05,Deressa Chimsa,ETH,1,Toronto,20,OCT,2013,M
36,2:07:08,Mark Korir,KEN,2,Seoul,3,NOV,2013,M
37,2:07:12,Sumi Dechase,ETH,2,Seoul,17,MAR,2013,M
38,2:07:12,Sammy Kitwara,KEN,3,Rotterdam,14,APR,2013,M
39,2:07:14,Felix Kipkemoi Keny,KEN,1,Valencia,17,NOV,2013,M
40,2:07:16,Martin Muthathi,KEN,1,Fukuoka,1,DEC,2013,M
41,2:07:19,Bernard Kipyego,KEN,2,Beijing,20,OCT,2013,M
42,2:07:20,Daniel Rono,KEN,3,Beijing,20,OCT,2013,M
43,2:07:27,Seboka Dibaba Tola,ETH,3,Seoul,17,MAR,2013,M
44,2:07:32,Negari Terfa,ETH,1,Xiamen,5,JAN,2013,M
45,2:07:34,Elijah Kemboi,KEN,3,Frankfurt,27,OCT,2013,M
46,2:07:35,Limenih Getachew,ETH,2,Hamburg,21,APR,2013,M
47,2:07:41,Gezahegne Girma,ETH,2,Marrakech,27,JAN,2013,M
48,2:07:44,Paul K Lonyangata,KEN,2,Xiamen,5,JAN,2013,M
49,2:07:44,Stephen Chemlany,KEN,4,Berlin,29,SEP,2013,M
50,2:07:44,Tadese Abraham,ERI,1,Zurich,7,APR,2013,M
51,2:07:46,Feyise Lilesa,ETH,4,London,21,APR,2013,M
52,2:07:46,Jacob Chesari,KEN,4,Frankfurt,27,OCT,2013,M
53,2:07:47,Kipsang,KEN,5,London,21,APR,2013,M
54,2:07:48,Dereje Debele Tulu,ETH,1,Dusseldorf,28,APR,2013,M
55,2:07:48,Joel Kimurer Kemboi,KEN,1,Gyeongju,13,OCT,2013,M
56,2:07:53,Bernard Kipyego,KEN,3,Tokyo,24,FEB,2013,M
57,2:07:55,Dadi Yami,ETH,7,Dubai,25,JAN,2013,M
58,2:07:55,Mustapha El Aziz,MAR,3,Seoul,3,NOV,2013,M
59,2:07:56,Getachew Terfa Negari,ETH,1,Rome,17,MAR,2013,M
60,2:08:00,Pius Dominic Ondoro,KEN,1,Tiberias,10,JAN,2013,M
61,2:08:00,Kazuhiro Maeda,JPN,4,Tokyo,24,FEB,2013,M
62,2:08:02,Kwambai,KEN,5,Tokyo,24,FEB,2013,M
63,2:08:02,Abdullah Shami Dawit,ETH,4,Amsterdam,20,OCT,2013,M
64,2:08:05,Stephen Kiprotich,UGA,6,London,21,APR,2013,M
65,2:08:05,Tariku Jufar,ETH,1,Ottawa,26,MAY,2013,M
66,2:08:10,Deribe Robi,ETH,2,Tiberias,10,JAN,2013,M
67,2:08:11,Birhanu Gebre Girma,ETH,2,Rome,17,MAR,2013,M
68,2:08:12,Luka Rotich,KEN,2,Ottawa,26,MAY,2013,M
69,2:08:14,Sylvester Teimet,KEN,6,Paris,7,APR,2013,M
70,2:08:15,Yuki Kawauchi,JPN,1,Beppu,3,FEB,2013,M
71,2:08:15,Kawauchi,JPN,4,Seoul,17,MAR,2013,M
72,2:08:17,Gilbert Kirwa,KEN,6,Tokyo,24,FEB,2013,M
73,2:08:17,Albert Matebor,KEN,5,Frankfurt,27,OCT,2013,M
74,2:08:17,Amanuel Mesel,ERI,2,Valencia,17,NOV,2013,M
75,2:08:17,Ondoro,KEN,2,Dusseldorf,28,APR,2013,M
76,2:08:19,Sahle Warga,ETH,7,Paris,7,APR,2013,M
77,2:08:19,Abraham Girma,ETH,8,Paris,7,APR,2013,M
78,2:08:19,Henry Sugut,KEN,1,Vienna,14,APR,2013,M
79,2:08:22,Yared Asmerom,ERI,7,London,21,APR,2013,M
80,2:08:24,Mike Kigen,KEN,8,Dubai,25,JAN,2013,M
81,2:08:24,Geoffrey Mutai,KEN,1,New York,3,NOV,2013,M
82,2:08:28,Habtamu Assefa,ETH,9,Dubai,25,JAN,2013,M
83,2:08:29,Nickson Kurgat,KEN,1,Chuncheon,27,OCT,2013,M
84,2:08:30,Stephen Chemlany,ETH,3,Rome,17,MAR,2013,M
85,2:08:30,David Kemboi Kiyang,KEN,2,Chuncheon,27,OCT,2013,M
86,2:08:31,Francis Kibiwott,KEN,3,Tiberias,10,JAN,2013,M
87,2:08:32,Lusapho April,RSA,1,Hannover,5,MAY,2013,M
88,2:08:33,Abraham Kiprotich,FRA,1,Daegu,14,APR,2013,M
89,2:08:34,Vincent Kipruto,KEN,1,Otsu,3,MAR,2013,M
90,2:08:34,Solomon Kiptoo,KEN,2,Vienna,14,APR,2013,M
91,2:08:35,Kentaro Nakamoto,JPN,2,Beppu,3,FEB,2013,M
92,2:08:35,Haile Haja Gemeda,ETH,4,Rome,17,MAR,2013,M
93,2:08:37,Tariku Jufar,ETH,2,Otsu,3,MAR,2013,M
94,2:08:39,Warga,ETH,3,Xiamen,5,JAN,2013,M
95,2:08:39,Stanley Biwott,KEN,8,London,21,APR,2013,M
96,2:08:42,Geoffrey Ndugu,KEN,3,Vienna,14,APR,2013,M
97,2:08:42,Alfred Kering,KEN,1,Hengshui,21,SEP,2013,M
98,2:08:46,Dereje Tadesse,ETH,4,Tiberias,10,JAN,2013,M
99,2:08:46,Abebe Degefa,ETH,4,Beijing,20,OCT,2013,M
0,2:04:00,Eliud KIPCHOGE,KEN,1,Berlin,27,SEP,2015,M
1,2:04:42,KIPCHOGE,KEN,1,London,26,APR,2015,M
2,2:04:47,Wilson KIPSANG,KEN,2,London,26,APR,2015,M
3,2:05:21,Eliud KIPTANUI,KEN,2,Berlin,27,SEP,2015,M
4,2:05:28,Lemi BERHANU,ETH,1,Dubai,23,JAN,2015,M
5,2:05:49,Mark KORIR,KEN,1,Paris,12,APR,2015,M
6,2:05:50,Dennis KIMETTO,KEN,3,London,26,APR,2015,M
7,2:05:52,Lelisa DESISA,ETH,2,Dubai,23,JAN,2015,M
8,2:05:52,Stephen CHEBOGUT,KEN,1,Eindhoven,11,OCT,2015,M
9,2:05:58,Deriba ROBI,ETH,2,Eindhoven,11,OCT,2015,M
10,2:06:00,Endeshaw NEGESSE,ETH,1,Tokyo,22,FEB,2015,M
11,2:06:00,B  Mark KIPTOO,KEN,3,Eindhoven,11,OCT,2015,M
12,2:06:06,Deribe ROBI,ETH,3,Dubai,23,JAN,2015,M
13,2:06:11,Wilson LOYANAE,KEN,1,Seoul,15,MAR,2015,M
14,2:06:13,Bernard KIPYEGO,KEN,1,Amsterdam,18,OCT,2015,M
15,2:06:13,John MWANGANGI,KEN,1,Valencia,15,NOV,2015,M
16,2:06:19,Moses Cheruiyot MOSOP,KEN,1,Xiamen,3,JAN,2015,M
17,2:06:26,Sisay LEMMA,ETH,1,Frankfrut,25,OCT,2015,M
18,2:06:33,Stephen KIPROTICH,UGA,2,Tokyo,22,FEB,2015,M
19,2:06:33,Matthew KISORIO,KEN,2,Valencia,15,NOV,2015,M
20,2:06:34,Dickson CHUMBA,KEN,3,Tokyo,22,FEB,2015,M
21,2:06:34,Lani Kiplagat RUTTO,KEN,2,Frankfurt,25,OCT,2015,M
22,2:06:35,Feysa LELISA,ETH,2,Xiamen,3,JAN,2015,M
23,2:06:41,Stanley BIWOTT,KEN,4,London,26,APR,2015,M
24,2:06:46,Abera KUMA,ETH,1,Rotterdam,12,APR,2015,M
25,2:06:48,Alfers LAGAT,KEN,3,Frankfurt,25,OCT,2015,M
26,2:06:54,Tilahun REGASSA,ETH,2,Xiamen,3,JAN,2015,M
27,2:06:57,Feyisa LILESA,ETH,3,Berlin,27,SEP,2015,M
28,2:06:59,Felix KIPROTICH,KEN,2,Seoul,15,MAR,2015,M
29,2:07:06,Sisay LEMMA,ETH,5,Dubai,23,JAN,2015,M
30,2:07:07,Samuel Kiplimo KOSGEI,KEN,1,Kosice,4,OCT,2015,M
31,2:07:07,Felix KANDIE,KEN,3,Valencia,15,NOV,2015,M
32,2:07:09,Bazu WORKU,ETH,6,Dubai,23,JAN,2015,M
33,2:07:12,Paul LONYANGATA,KEN,1,Shanghai,8,NOV,2015,M
34,2:07:11,Wilson Loyanae ERUPE,KEN,1,Gyeongju,11,OCT,2015,M
35,2:07:16,REGASSA,ETH,5,London,26,APR,2015,M
36,2:07:16,Abayneh WOLDEGIORGIS,ETH,4,Eindhoven,11,OCT,2015,M
37,2:07:17,Lucas ROTICH,KEN,1,Hamburg,26,APR,2015,M
38,2:07:18,Ezekiel CHEBII,KEN,2,Amsterdam,18,OCT,2015,M
39,2:07:20,Shumi DECHASA,ETH,4,Tokyo,22,FEB,2015,M
40,2:07:20,Luka KANDA,KEN,2,Paris,12,APR,2015,M
41,2:07:20,Mark KIPTOO,KEN,2,Rotterdam,12,APR,2015,M
42,2:07:22,Peter SOME,KEN,5,Tokyo,22,FEB,2015,M
43,2:07:25,Markos GENETI,ETH,6,Tokyo,22,FEB,2015,M
44,2:07:26,Girmay BIRHANU,ETH,1,Daegu,5,APR,2015,M
45,2:07:31,Sisay LEMMA,ETH,1,Vienna,12,APR,2015,M
46,2:07:33,Seboka TOLA,ETH,3,Paris,12,APR,2015,M
47,2:07:38,Stephen MOKOKA,RSA,2,Shanghai,8,NOV,2015,M
48,2:07:39,Masato IMAI,JPN,7,Tokyo,22,FEB,2015,M
49,2:07:42,Mike KIPRUTO,KEN,4,Paris,12,APR,2015,M
50,2:07:43,Samuel KITWARA,KEN,6,London,26,APR,2015,M
51,2:07:44,Gilbert Kipruto KIRWA,KEN,5,Paris,12,APR,2015,M
52,2:07:45,Mike KIGEN,KEN,3,Amsterdam,18,OCT,2015,M
53,2:07:46,Emmanuel MUTAI,KEN,4,Berlin,27,SEP,2015,M
54,2:07:47,Jacob KIBET,KEN,3,Seoul,15,MAR,2015,M
55,2:07:47,Ghirmay GHEBRESLASSIE,ERI,2,Hamburg,26,APR,2015,M
56,2:07:54,Laban Kipngetich KORIR,KEN,6,Paris,12,APR,2015,M
57,2:07:56,Deressa CHIMSA,ETH,7,Paris,12,APR,2015,M
58,2:07:58,Tsegaye KEBEDE,ETH,8,Tokyo,22,FEB,2015,M
59,2:07:57,Hayle Berhanu LEMI,ETH,1,Warsaw,26,APR,2015,M
60,2:07:57,Ernest Kiprono NGENO,KEN,1,Hengshui,26,SEP,2015,M
61,2:08:01,Stephen CHEBOGUT,KEN,3,Hamburg,26,APR,2015,M
62,2:08:02,Bernard KOECH,KEN,3,Rotterdam,12,APR,2015,M
63,2:08:03,Birhanu GEDEFA,ETH,1,Houston,18,JAN,2015,M
64,2:08:05,Dadi Yami GEMEDA,ETH,4,Seoul,15,MAR,2015,M
65,2:08:05,Robert KWEMOI,KEN,2,Warsaw,26,APR,2015,M
66,2:08:08,Kosgei Colling TANUI,KEN,2,Kosice,4,OCT,2015,M
67,2:08:09,Abrha MILAW,ETH,3,Xiamen,3,JAN,2015,M
68,2:08:11,Chala DECHASE,ETH,7,Dubai,23,JAN,2015,M
69,2:08:11,Markos GENETI,ETH,3,Warsaw,26,APR,2015,M
70,2:08:11,Joel Kiplimo KEMBOI,KEN,2,Gyeongju,11,OCT,2015,M
71,2:08:12,Gebo BURKA,ETH,2,Houston,18,JAN,2015,M
72,2:08:14,Abreham CHERKOS,ETH,5,Seoul,15,MAR,2015,M
73,2:08:14,Girmay BIRHANU,ETH,1,Ottawa,24,MAY,2015,M
74,2:08:16,Philip KANGOGO,KEN,1,Barcelona,15,MAR,2015,M
75,2:08:17,Edwin KIBET,KEN,5,Eindhoven,11,OCT,2015,M
76,2:08:18,Robert Kipkorir KWAMBAI,KEN,4,Xiamen,3,JAN,2015,M
77,2:08:18,Philemon RONO,KEN,4,Hamburg,26,APR,2015,M
78,2:08:18,Amanuel MESEL,ERI,4,Warsaw,26,APR,2015,M
79,2:08:18,Patrick MAKAU,KEN,1,Fukuoka,6,DEC,2015,M
80,2:08:19,Limaneh GETACHEW,ETH,1,Ljubljana,25,OCT,2015,M
81,2:08:21,Stephen CHEMLANY,KEN,2,Nagano,5,APR,2015,M
82,2:08:25,Chala DECHASE,ETH,4,Amsterdam,18,OCT,2015,M
83,2:08:28,Richard SIGEI,KEN,5,Warsaw,26,APR,2015,M
84,2:08:29,Elijah KEMBOI,KEN,6,Warsaw,26,APR,2015,M
85,2:08:31,Gete FELEKE,ETH,2,Fukuoka,6,DEC,2015,M
86,2:08:32,Felix KANDIE,KEN,1,Prague,3,MAY,2015,M
87,2:08:33,Arne GABIUS,GER,4,Frankfurt,25,OCT,2015,M
88,2:08:37,Mulugeta WAMI,ETH,2,Ljubljana,25,OCT,2015,M
89,2:08:38,Gebresadik ABRAHA,ETH,4,Valencia,15,NOV,2015,M
90,2:08:42,Kenneth MUNGARA,KEN,1,Gold Coast,5,JUL,2015,M
91,2:08:44,MUNGARA,KEN,1,Milano,12,APR,2015,M
92,2:08:45,Wilson CHEBET,KEN,5,Amsterdam,18,OCT,2015,M
93,2:08:46,Tebalu ZAWUDE,ETH,1,Seoul,1,NOV,2015,M
94,2:08:47,Philemon RONO,KEN,5,Valencia,17,NOV,2015,M
95,2:08:49,Suleiman SIMOTWO,KEN,5,Frankfurt,25,OCT,2015,M
96,2:08:50,Evans CHEBET,KEN,2,Prague,3,MAY,2015,M
97,2:08:50,Tola Shura Kitata,ETH,3,Shanghai,8,NOV,2015,M
98,2:08:51,Workneh TESFA,ETH,1,Marrakech,25,JAN,2015,M
99,2:08:53,Ayele ABSHERO,ETH,3,Gyeongju,11,OCT,2015,M
0,2:01:39,Eliud KIPCHOGE,KEN,1,Berlin,16,SEP,2018,M
1,2:04:00,Mosinet GEREMEW,ETH,1,Dubai,26,JAN,2018,M
2,2:04:02,Leul GEBRESILASE,ETH,2,Dubai,26,JAN,2018,M
3,2:04:06,Tamirat TOLA,ETH,3,Dubai,26,JAN,2018,M
4,2:04:06,Lawrence CHERONO,KEN,1,Amsterdam,21,OCT,2018,M
5,2:04:06,Asefa MENGSTU,ETH,4,Dubai,26,JAN,2018,M
6,2:04:08,Sisay LEMMA,ETH,5,Dubai,26,JAN,2018,M
7,2:04:15,Birhanu LEGESE,ETH,6,Dubai,26,JAN,2018,M
8,2:04:17,Eliud KIPCHOGE,KEN,1,London,22,APR,2018,M
9,2:04:30,Leul GEBRSELASSIE,ETH,1,Valencia,2,DEC,2018,M
10,2:04:37,Mule WASIHUN,ETH,2,Amsterdam,21,OCT,2018,M
11,2:04:40,Solomon DEKSISA,ETH,3,Amsterdam,21,OCT,2018,M
12,2:04:43,El Hassan El ABBASAI,BRN,2,Valencia,2,DEC,2018,M
13,2:04:44,Seifu TURA,ETH,7,Dubai,26,JAN,2018,M
14,2:04:47,Tola SHURA,ETH,2,London,22,APR,2018,M
15,2:04:53,Matthew KISORIO,KEN,3,Valencia,2,DEC,2018,M
16,2:04:58,Sisay LEMMA,ETH,5,Ljubljana,28,OCT,2018,M
17,2:05:11,Mo FARAH,GBR,1,Chicago,7,OCT,2018,M
18,2:05:14,Mosinet GEREMEW,ETH,2,Chicago,7,OCT,2018,M
19,2:05:20,Tsegaye KEBEDE,ETH,4,Valencia,2,DEC,2018,M
20,2:05:21,Emmanuel SAINA,KEN,1,Buenos Aires,23,SEP,2018,M
21,2:05:21,Norbert KIGEN,KEN,5,Valencia,2,DEC,2018,M
22,2:05:26,El Mahjoub DAZZA,MAR,6,Valencia,2,DEC,2018,M
23,2:05:30,Dickson CHUMBA,KEN,1,Tokyo,25,FEB,2018,M
24,2:05:44,Kenneth KIPKEMOI,KEN,1,Rotterdam,8,APR,2018,M
25,2:05:50,Abera KUMA,ETH,2,Rotterdam,8,APR,2018,M
26,2:05:50,Suguru OSAKA,JPN,3,Chicago,7,OCT,2018,M
27,2:05:56,Kelkile GEZAHEGNE,ETH,3,Rotterdam,8,APR,2018,M
28,2:05:57,Kenneth KIPKEMOI,KEN,4,Chicago,7,OCT,2018,M
29,2:05:58,Laban KORIR,KEN,4,Rotterdam,8,APR,2018,M
30,2:05:59,Lelisa DESISA,ETH,1,New York,4,NOV,2018,M
31,2:06:01,Shura KITATA,ETH,2,New York,4,NOV,2018,M
32,2:06:07,Galen RUPP,USA,1,Prague,6,MAY,2018,M
33,2:06:11,Yuta SHITARA,JPN,2,Tokyo,25,FEB,2018,M
34,2:06:15,Gideon KIPKETER,KEN,4,Amsterdam,21,OCT,2018,M
35,2:06:20,Sammy KITWARA,KEN,7,Valencia,2,DEC,2018,M
36,2:06:21,FARAH,GBR,3,London,22,APR,2018,M
37,2:06:21,Galen RUPP,USA,5,Chicago,7,OCT,2018,M
38,2:06:23,Amos KIPRUTO,KEN,2,Berlin,16,SEP,2018,M
39,2:06:24,Kaan Ã–ZBILEN,TUR,5,Amsterdam,21,OCT,2018,M
40,2:06:24,Solomon Kirwa YEGO,KEN,8,Valencia,2,DEC,2018,M
41,2:06:25,Paul LONYANGATA,KEN,1,Paris,8,APR,2018,M
42,2:06:26,Geoffrey KWAMWOROR,KEN,3,New York,4,NOV,2018,M
43,2:06:29,Abraham KIPTUM,KEN,1,Daegu,1,APR,2018,M
44,2:06:33,Amos KIPRUTO,KEN,3,Tokyo,25,FEB,2018,M
45,2:06:33,Laban KORIR,KEN,6,Amsterdam,21,OCT,2018,M
46,2:06:34,DEKSISA,ETH,1,Hamburg,29,APR,2018,M
47,2:06:35,Evans Kipkoech KORIR,KEN,2,Daegu,1,APR,2018,M
48,2:06:36,Mathew KISORIO,KEN,2,Paris,8,APR,2018,M
49,2:06:37,Kelkile WOLDAREGAY,ETH,1,Frankfurt,28,OCT,2018,M
50,2:06:41,Ernest NGENO,KEN,3,Paris,8,APR,2018,M
51,2:06:41,Martin Kiprugut KOSGEY,KEN,2,Frankfurt,28,OCT,2018,M
52,2:06:45,Geoffrey KIRUI,KEN,6,Chicago,7,OCT,2018,M
53,2:06:47,Gideon KIPKETER,KEN,4,Tokyo,25,FEB,2018,M
54,2:06:47,Tadu ABATE,ETH,7,Amsterdam,21,OCT,2018,M
55,2:06:48,Wilson KIPSANG,KEN,3,Berlin,16,SEP,2018,M
56,2:06:49,Peter Kimeli SOME,KEN,3,Daegu,1,APR,2018,M
57,2:06:51,Jonathan KORIR,KEN,8,Amsterdam,21,OCT,2018,M
58,2:06:54,Hiroto INOUE,JPN,5,Tokyo,25,FEB,2018,M
59,2:06:54,Tadu ABATE,ETH,2,Hamburg,29,APR,2018,M
60,2:06:57,Wilson Loyanae ERUPE,KEN,1,Seoul,18,MAR,2018,M
61,2:07:00,Yitayal ATNAFU,ETH,4,Paris,8,APR,2018,M
62,2:07:03,Mark KORIR,KEN,2,Seoul,18,MAR,2018,M
63,2:07:03,Sisay LEMMA,ETH,2,Prague,6,MAY,2018,M
64,2:07:07,Abel KIRUI,KEN,4,London,22,APR,2018,M
65,2:07:09,Alex KIBET,KEN,3,Frankfurt,28,OCT,2018,M
66,2:07:11,Benson KIPRUTO,KEN,3,Seoul,18,MAR,2018,M
67,2:07:19,Ayele ABSHERO,ETH,3,Hamburg,29,APR,2018,M
68,2:07:20,Hillary KIPSAMBU,KEN,9,Amsterdam,21,OCT,2018,M
69,2:07:22,Marius KIPSEREM,KEN,5,Rotterdam,8,APR,2018,M
70,2:07:24,Benson KIPRUTO,KEN,1,Toronto,21,OCT,2018,M
71,2:07:25,Abrha MILAW ASEFA,ETH,1,Cannes,4,NOV,2018,M
72,2:07:27,Yuma HATTORI,JPN,1,Fukuoka,2,DEC,2018,M
73,2:07:28,Amos Kiplimo MITEI,KEN,4,Frankfurt,28,OCT,2018,M
74,2:07:30,Feyisa LILESE,ETH,6,Tokyo,25,FEB,2018,M
75,2:07:32,Elisha KIPCHIRCHIR,KEN,1,Eindhoven,14,OCT,2018,M
76,2:07:33,Deribe ROBI,ETH,9,Valencia,2,DEC,2018,M
77,2:07:34,Limenih GETACHEW,ETH,1,Lisboa,14,OCT,2018,M
78,2:07:34,Kenneth KETER,KEN,5,Frankfurt,28,OCT,2018,M
79,2:07:37,Solomon YEGO,KEN,4,Hamburg,29,APR,2018,M
80,2:07:37,Benson SEUREI,BRN,10,Valencia,2,DEC,2018,M
81,2:07:38,Laban MUTAI,KEN,2,Eindhoven,14,OCT,2018,M
82,2:07:45,Marius KIMUTAI,KEN,4,Seoul,18,MAR,2018,M
83,2:07:46,Augustino Paulo SULLE,TAN,2,Toronto,21,OCT,2018,M
84,2:07:50,Elisha ROTICH,KEN,4,Daegu,1,APR,2018,M
85,2:07:50,Mark KIPTOO,KEN,6,Frankfurt,28,OCT,2018,M
86,2:07:50,Vincent RONO,KEN,3,Eindhoven,14,OCT,2018,M
87,2:07:51,Samuel NDUNGU,KEN,2,Lisboa,14,OCT,2018,M
88,2:07:52,Abel KIRUI,KEN,7,Chicago,7,OCT,2018,M
89,2:07:53,Macharia NDIRANGU,KEN,1,Otsu,4,MAR,2018,M
90,2:07:57,Felix KIPROTICH,KEN,5,Seoul,18,MAR,2018,M
91,2:07:57,Stephen KIPROTICH,UGA,5,Hamburg,29,APR,2018,M
92,2:07:57,Taku FUJIMOTO,JPN,8,Chicago,7,OCT,2018,M
93,2:07:58,Justus KIPKOSGEI,KEN,3,Lisboa,14,OCT,2018,M
94,2:07:59,Bedan KAROKI,KEN,9,Chicago,7,OCT,2018,M
95,2:08:03,Jarius BIRECH,KEN,1,Roma,8,APR,2018,M
96,2:08:08,Ryo KINEME,JPN,7,Tokyo,25,FEB,2018,M
97,2:08:08,Anthony MARITIM,KEN,1,Barcelona,11,MAR,2018,M
98,2:08:11,Raymond CHOGE,KEN,1,Kosice,7,OCT,2018,M
99,2:08:13,Mule WASIHUN,ETH,6,Rotterdam,8,APR,2018,M
0,2:01:41,Kenenisa BEKELE,ETH,1,Berlin,29,SEP,2019,M
1,2:02:37,Eliud KIPCHOGE,KEN,1,London,28,APR,2019,M
2,2:02:48,Berhanu LEGESE,ETH,2,Berlin,29,SEP,2019,M
3,2:02:55,Mosinet GEREMEW,ETH,2,London,28,APR,2019,M
4,2:03:16,Mule WASIHUN,ETH,3,London,28,APR,2019,M
5,2:03:34,Getaneh MOLLA,ETH,1,Dubai,25,JAN,2019,M
6,2:03:36,Sisay LEMMA,ETH,3,Berlin,29,SEP,2019,M
7,2:03:40,Herpassa NEGASA,ETH,2,Dubai,25,JAN,2019,M
8,2:03:51,Kinde Atanaw AYALEW,ETH,1,Valencia,1,DEC,2019,M
9,2:04:11,Marius KIPSEREM,KEN,1,Rotterdam,7,APR,2019,M
10,2:04:16,Kaan Kigen OZBILEN,TUR,2,Valencia,1,DEC,2019,M
11,2:04:24,Asefa MENGISTU,ETH,3,Dubai,25,JAN,2019,M
12,2:04:40,Reuben Kiprop KIPYEGO,KEN,1,Abu Dhabi,6,DEC,2019,M
13,2:04:42,Guye ADOLA,ETH,3,Valencia,1,DEC,2019,M
14,2:04:46,Titus ERIKU,KEN,1,Milano,7,APR,2019,M
15,2:04:48,Birhanu LEGESE,ETH,1,Tokyo,3,MAR,2019,M
16,2:04:51,Abebe NEGEWO,ETH,4,Valencia,1,DEC,2019,M
17,2:05:00,Evans CHEBET,KEN,1,Buenos Aires,22,SEP,2019,M
18,2:05:00,Philemon RONO,KEN,1,Toronto,20,OCT,2019,M
19,2:05:01,Shura KITATA,ETH,4,London,28,APR,2019,M
20,2:05:02,Emmanuel SAINA,KEN,4,Dubai,25,JAN,2019,M
21,2:05:09,Vincent KIPCHUMBA,KEN,1,Amsterdam,20,OCT,2019,M
22,2:05:09,Lemi BERHANU,ETH,2,Toronto,20,OCT,2019,M
23,2:05:12,Filex CHEMONGES,UGA,3,Toronto,20,OCT,2019,M
24,2:05:13,Benson KIPRUTO,KEN,4,Toronto,20,OCT,2019,M
25,2:05:16,Solomon DEKSISA,ETH,2,Amsterdam,20,OCT,2019,M
26,2:05:18,Shifera TAMRU,ETH,5,Dubai,25,JAN,2019,M
27,2:05:18,Elisha ROTICH,KEN,3,Amsterdam,20,OCT,2019,M
28,2:05:19,Rueben KIPROP,KEN,2,Buenos Aires,22,SEP,2019,M
29,2:05:27,Kaan Kigen Ã·ZBILEN,TUR,2,Rotterdam,7,APR,2019,M
30,2:05:28,Betesfa GETAHUN,ETH,4,Amsterdam,20,OCT,2019,M
31,2:05:29,Shifera TAMRU,ETH,1,Seoul,3,NOV,2019,M
32,2:05:33,Felix KIPCHIRCHIR,KEN,1,Daegu,7,APR,2019,M
33,2:05:39,Mo FARAH,GBR,5,London,28,APR,2019,M
34,2:05:42,Emanuel SAINA,KEN,3,Rotterdam,7,APR,2019,M
35,2:05:45,Lawrence CHERONO,KEN,1,Chicago,13,OCT,2019,M
36,2:05:46,Dejene DEBELA,ETH,2,Chicago,13,OCT,2019,M
37,2:05:48,Asefe MENGSTU,ETH,3,Chicago,13,OCT,2019,M
38,2:05:53,Bedan KAROKI,KEN,4,Chicago,13,OCT,2019,M
39,2:05:58,Dazza ALMAHJOUB,BRN,1,Prague,5,MAY,2019,M
40,2:06:00,Thomas Kiplagat RONO,KEN,1,Seoul,17,MAR,2019,M
41,2:06:00,Andualem SHIFERAW,ETH,1,Lisboa,20,OCT,2019,M
42,2:06:02,Samuel WANJIKU,KEN,2,Lisboa,20,OCT,2019,M
43,2:06:02,Alemu GEBRE,ETH,2,Seoul,3,NOV,2019,M
44,2:06:04,Alemu BEKELE,BRN,1,Barcelona,10,MAR,2019,M
45,2:06:04,Fentahun HUNEGNAW,ETH,5,Amsterdam,20,OCT,2019,M
46,2:06:04,Philemon KACHERAN,KEN,5,Valencia,1,DEC,2019,M
47,2:06:09,Kelkile GEZAHEGN,ETH,6,Dubai,25,JAN,2019,M
48,2:06:12,Elisha ROTICH,KEN,2,Seoul,17,MAR,2019,M
49,2:06:12,Ashenafi MOGES,ETH,6,Valencia,1,DEC,2019,M
50,2:06:13,Tadu ABATE,ETH,6,Amsterdam,20,OCT,2019,M
51,2:06:14,Abdi BASHIR,BEL,5,Chicago,13,OCT,2019,M
52,2:06:16,Sondre Nordstad MOEN,NOR,7,Valencia,1,DEC,2019,M
53,2:06:17,Abdi NAGEEYE,NED,4,Rotterdam,7,APR,2019,M
54,2:06:18,Wolde DAWIT,ETH,2,Prague,5,MAY,2019,M
55,2:06:21,Shifera Tamru AREDO,ETH,2,Daegu,7,APR,2019,M
56,2:06:21,Fred MUSUBO,KEN,3,Daegu,7,APR,2019,M
57,2:06:21,Joel Kemboi KIMURER,KEN,2,Abu Dhabi,6,DEC,2019,M
58,2:06:22,Stephen CHEMLANY,KEN,3,Lisboa,20,OCT,2019,M
59,2:06:23,Bantie AYCHEW,ETH,3,Prague,5,MAY,2019,M
60,2:06:24,Mike Kiptum BOIT,KEN,3,Seoul,17,MAR,2019,M
61,2:06:24,Morris GACHAGA,KEN,7,Amsterdam,20,OCT,2019,M
62,2:06:25,Chale DECHASA,ETH,3,Seoul,3,NOV,2019,M
63,2:06:27,Fikre BEKELE,ETH,4,Seoul,17,MAR,2019,M
64,2:06:31,Daniel KEMBOI,KEN,8,Amsterdam,20,OCT,2019,M
65,2:06:32,Adugna TAKELE,ETH,7,Dubai,25,JAN,2019,M
66,2:06:33,Barnabus KIPTUM,KEN,4,Lisboa,20,OCT,2019,M
67,2:06:36,Tsedat Abege AYANA,ETH,1,Sevilla,17,FEB,2019,M
68,2:06:39,Belay Asefa BEDADA,ETH,2,Sevilla,17,FEB,2019,M
69,2:06:40,Laban MUTAI,KEN,1,Eindhoven,13,OCT,2019,M
70,2:06:41,Birhanu Bekele BERGA,ETH,3,Sevilla,17,FEB,2019,M
71,2:06:45,Jonathan KORIR,KEN,4,Berlin,29,SEP,2019,M
72,2:06:46,Obukay TSEGAY,ERI,4,Sevilla,17,FEB,2019,M
73,2:06:46,Kipruto AMOS,KEN,4,Prague,5,MAY,2019,M
74,2:06:48,Bedan KAROKI,KEN,2,Tokyo,3,MAR,2019,M
75,2:06:49,Daniel Kipkore KIBET,KEN,5,Sevilla,17,FEB,2019,M
76,2:06:49,Abebe NEGEWO,ETH,2,Barcelona,10,MAR,2019,M
77,2:06:50,Tsegaye GETACHEW,ETH,8,Valencia,1,DEC,2019,M
78,2:06:51,Birhan NEBEBEW,ETH,5,Lisboa,20,OCT,2019,M
79,2:06:52,Daniel KIPKORE,KEN,3,Buenos Aires,22,SEP,2019,M
80,2:06:54,Anthony MARITIM,KEN,3,Barcelona,10,MAR,2019,M
81,2:06:56,Vincent KIPCHUMBA,KEN,1,Wien,7,APR,2019,M
82,2:06:57,Tamirat TOLA,ETH,6,London,28,APR,2019,M
83,2:06:59,Kennedy CHEBORBOR,KEN,4,Daegu,7,APR,2019,M
84,2:06:59,Silas MWETICH,KEN,5,Toronto,20,OCT,2019,M
85,2:07:00,Reuben KERIO,KEN,2,Eindhoven,13,OCT,2019,M
86,2:07:00,Robert KWAMBAI,KEN,1,Chuncheon,27,OCT,2019,M
87,2:07:03,Bashir ADBI,BEL,7,London,28,APR,2019,M
88,2:07:05,Abrha MILAW,ETH,1,Paris,14,APR,2019,M
89,2:07:06,Mathew KISORIO,KEN,1,Beijing,3,NOV,2019,M
90,2:07:09,Evans KORIR,KEN,5,Daegu,7,APR,2019,M
91,2:07:08,Fikre TEFERA,ETH,1,Frankfurt,27,OCT,2019,M
92,2:07:10,Vincent RONO,KEN,5,Rotterdam,7,APR,2019,M
93,2:07:10,Dawit WOLDE,ETH,2,Frankfurt,27,OCT,2019,M
94,2:07:10,El Mahjoub DAZZA,MAR,1,Fukuoka,1,DEC,2019,M
95,2:07:11,Robert KIPKEMBOI,KEN,5,Seoul,17,MAR,2019,M
96,2:07:11,John LANGAT,KEN,3,Eindhoven,13,OCT,2019,M
97,2:07:12,Philemon KACHERAN,KEN,4,Barcelona,10,MAR,2019,M
98,2:07:12,Aweke YIMER,BRN,3,Frankfurt,27,OCT,2019,M
99,2:07:15,Leul GEBRESILASIE,ETH,8,London,28,APR,2019,M
